id,distance,angle
0000,0.6026702,-45.30948289362627
0001,0.38622564,-48.650375198597175
0002,0.2916395,-52.372826099349844
0003,0.24546602,-56.50891705941071
0004,0.22174743,-61.08092789706875
0005,0.22174256,-66.09390283330373
0006,0.24549805,-71.52714473744987
0007,0.2850901,-77.32665859940191
0008,0.2503621,-83.40174130742625
0009,0.23830876,-89.62899065951459
0010,0.25036368,-95.86498308948975
0011,0.28509557,-101.96510108037704
0012,0.35082832,-107.80274622916059
0013,0.49481815,-113.28295770696727
0014,0.78891724,-118.34744714497016
0015,0.7848387,-122.97191514476964
0016,0.81155336,-127.15880293435224
0017,0.99842435,-130.9287670216977
0018,0.5959755,-65.3094828936263
0019,0.38736787,-68.65037519859716
0020,0.29118156,-72.37282609934984
0021,0.24524762,-76.50891705941072
0022,0.22149567,-81.08092789706875
0023,0.22149408,-86.09390283330373
0024,0.24524722,-91.52714473744989
0025,0.29116848,-97.32665859940191
0026,0.38736326,-103.40174130742625
0027,0.43814373,-109.62899065951459
0028,0.45019403,-115.86498308948974
0029,0.48492026,-121.96510108037704
0030,0.5580498,-127.80274622916058
0031,0.73985034,-133.28295770696727
0032,0.72237,-138.34744714497018
0033,0.7400638,-142.97191514476964
0034,0.795383,-147.15880293435225
0035,1.066581,-150.9287670216977
0036,0.59599125,-85.30948289362628
0037,0.38736084,-88.65037519859717
0038,0.29118028,-92.37282609934984
0039,0.24524836,-96.50891705941072
0040,0.22149423,-101.08092789706876
0041,0.22149138,-106.09390283330373
0042,0.24524902,-111.52714473744989
0043,0.29116753,-117.32665859940191
0044,0.38737473,-123.40174130742625
0045,0.595475,-129.62899065951459
0046,0.6501934,-135.86498308948975
0047,0.6849223,-141.96510108037702
0048,0.7388759,-147.8027462291606
0049,0.7099201,-153.28295770696727
0050,0.71287733,-158.34744714497018
0051,0.7446328,-162.97191514476964
0052,0.8505974,-167.15880293435225
0053,1.1675355,-170.9287670216977
0054,0.59597343,-105.30948289362628
0055,0.38736334,-108.65037519859716
0056,0.2911875,-112.37282609934982
0057,0.24524331,-116.50891705941072
0058,0.22149168,-121.08092789706876
0059,0.22149053,-126.09390283330373
0060,0.24524587,-131.5271447374499
0061,0.29116887,-137.32665859940192
0062,0.38735366,-143.40174130742622
0063,0.595462,-149.62899065951459
0064,0.8501859,-155.86498308948975
0065,0.7962131,-161.96510108037702
0066,0.7443164,-167.8027462291606
0067,0.73467094,-173.28295770696727
0068,0.75250274,-178.34744714497015
0069,0.7923667,177.0280848552304
0070,0.9058022,172.84119706564778
0071,1.1238503,169.07123297830228
0072,0.59597975,-125.30948289362628
0073,0.3873747,-128.65037519859717
0074,0.29117608,-132.37282609934982
0075,0.24524412,-136.5089170594107
0076,0.22148894,-141.08092789706873
0077,0.22148804,-146.09390283330373
0078,0.24524297,-151.52714473744987
0079,0.29116473,-157.3266585994019
0080,0.3873656,-163.40174130742625
0081,0.5954655,-169.62899065951459
0082,1.0501822,-175.86498308948975
0083,0.8216897,178.03489891962298
0084,0.7923441,172.1972537708394
0085,0.7862959,166.7170422930327
0086,0.8042659,161.65255285502982
0087,0.84412646,157.02808485523036
0088,0.9502715,152.84119706564775
0089,0.9287047,149.0712329783023
0090,0.59599805,-145.3094828936263
0091,0.38736895,-148.65037519859717
0092,0.29117152,-152.37282609934982
0093,0.2452396,-156.50891705941072
0094,0.22148618,-161.08092789706876
0095,0.22148603,-166.09390283330373
0096,0.24524085,-171.5271447374499
0097,0.29116747,-177.32665859940192
0098,0.38736245,176.59825869257375
0099,0.5954571,170.3710093404854
0100,0.9378677,164.13501691051027
0101,0.8734519,158.03489891962295
0102,0.84410816,152.19725377083944
0103,0.8380566,146.71704229303273
0104,0.85602677,141.65255285502985
0105,0.821741,137.02808485523036
0106,0.75417024,132.84119706564778
0107,0.7353897,129.07123297830228
0108,0.56318575,-165.3094828936263
0109,0.38736394,-168.65037519859717
0110,0.2911712,-172.37282609934982
0111,0.24523893,-176.5089170594107
0112,0.22148438,178.91907210293127
0113,0.22148302,173.90609716669627
0114,0.24524067,168.47285526255013
0115,0.29116553,162.6733414005981
0116,0.3873578,156.59825869257378
0117,0.5954723,150.37100934048541
0118,0.99048096,144.13501691051025
0119,0.92522085,138.03489891962298
0120,0.89586467,132.1972537708394
0121,0.8898188,126.7170422930327
0122,0.90946484,121.65255285502981
0123,0.60675085,117.02808485523035
0124,0.55993,112.8411970656478
0125,0.5455703,109.0712329783023
0126,0.38828215,174.69051710637373
0127,0.38736883,171.3496248014028
0128,0.29117557,167.62717390065012
0129,0.24523556,163.49108294058925
0130,0.22148083,158.91907210293127
0131,0.22148247,153.9060971666963
0132,0.24523671,148.47285526255015
0133,0.29116192,142.67334140059813
0134,0.38736033,136.59825869257375
0135,0.5954696,130.37100934048541
0136,1.0430989,124.13501691051026
0137,0.9777644,118.03489891962295
0138,0.95456904,112.19725377083944
0139,0.95861596,106.71704229303273
0140,0.9890248,101.65255285502984
0141,0.406659,97.02808485523036
0142,0.36971763,92.84119706564778
0143,0.36257207,89.07123297830228
0144,0.46189392,154.6905171063737
0145,0.38735974,151.34962480140283
0146,0.29107636,147.62717390065015
0147,0.24515101,143.49108294058928
0148,0.22139408,138.91907210293124
0149,0.22139147,133.90609716669627
0150,0.24514957,128.47285526255013
0151,0.29107252,122.67334140059809
0152,0.38724884,116.59825869257372
0153,0.27167803,110.3710093404854
0154,0.20876656,104.13501691051023
0155,0.17403378,98.03489891962298
0156,0.16197485,92.19725377083941
0157,0.17403202,86.71704229303276
0158,0.20876342,81.65255285502987
0159,0.5835604,77.02808485523039
0160,0.50950974,72.84119706564775
0161,0.47477773,69.0712329783023
0162,0.26028535,134.69051710637373
0163,0.27431726,131.34962480140285
0164,0.29115868,127.62717390065018
0165,0.24523683,123.49108294058931
0166,0.22147898,118.91907210293122
0167,0.22147909,113.90609716669628
0168,0.24523218,108.4728552625501
0169,0.29116577,102.67334140059806
0170,0.38736126,96.59825869257375
0171,0.375759,90.37100934048543
0172,0.309126,84.13501691051026
0173,0.2743919,78.03489891962295
0174,0.2623341,72.19725377083942
0175,0.27447808,66.71704229303273
0176,0.5237056,61.65255285502983
0177,0.37524557,57.02808485523036
0178,0.30863428,52.84119706564776
0179,0.27390286,49.071232978302326
0180,0.8800825,114.6905171063737
0181,0.6086179,111.34962480140283
0182,0.49204051,107.62717390065015
0183,0.4452426,103.49108294058928
0184,0.42148447,98.91907210293125
0185,0.42148286,93.90609716669626
0186,0.3511603,88.47285526255011
0187,0.28542757,82.67334140059809
0188,0.25069416,76.59825869257378
0189,0.2386341,70.3710093404854
0190,0.25069162,64.13501691051023
0191,0.2854209,58.03489891962297
0192,0.3511753,52.197253770839396
0193,0.49523845,46.7170422930327
0194,0.61055666,41.6525528550298
0195,0.6041646,37.02808485523033
0196,0.6233086,32.84119706564778
0197,0.7453274,29.071232978302294
0198,0.8805834,94.69051710637372
0199,0.60868734,91.34962480140284
0200,0.49205166,87.62717390065018
0201,0.44522756,83.49108294058925
0202,0.42148027,78.91907210293127
0203,0.4214766,73.90609716669627
0204,0.4452262,68.47285526255014
0205,0.4849023,62.67334140059811
0206,0.45017293,56.598258692573744
0207,0.43812847,50.371009340485415
0208,0.4501797,44.13501691051025
0209,0.48491782,38.03489891962294
0210,0.5580499,32.197253770839424
0211,0.55328614,26.717042293032723
0212,0.5277355,21.65255285502983
0213,0.54074615,17.028084855230357
0214,0.5893241,12.841197065647759
0215,0.8130907,9.071232978302268
0216,0.8806077,74.69051710637375
0217,0.6086904,71.34962480140287
0218,0.49204394,67.62717390065019
0219,0.44523153,63.49108294058928
0220,0.421476,58.919072102931295
0221,0.42147473,53.9060971666963
0222,0.44522765,48.47285526255016
0223,0.4920356,42.67334140059813
0224,0.6086592,36.598258692573765
0225,0.6381293,30.37100934048544
0226,0.6501747,24.135016910510277
0227,0.68490165,18.03489891962296
0228,0.5397863,12.197253770839444
0229,0.5108576,6.717042293032744
0230,0.51314443,1.6525528550298518
0231,0.5478835,-2.9719151447696213
0232,0.64452195,-7.158802934352218
0233,1.2991265,-10.92876702169771
0234,0.8805935,54.69051710637372
0235,0.60869676,51.34962480140284
0236,0.4920384,47.62717390065017
0237,0.4452317,43.4910829405893
0238,0.42147535,38.91907210293121
0239,0.42147106,33.90609716669627
0240,0.44522634,28.472855262550084
0241,0.49203235,22.67334140059806
0242,0.60865414,16.59825869257374
0243,0.8381309,10.371009340485413
0244,0.85016906,4.135016910510248
0245,0.5827537,-1.9651010803770668
0246,0.5477947,-7.802746229160585
0247,0.5413296,-13.282957706967284
0248,0.55930233,-18.347447144970175
0249,0.59915656,-22.97191514476965
0250,0.6997347,-27.15880293435225
0251,1.0993357,-30.928767021697688
0252,0.88058203,34.69051710637374
0253,0.6086509,31.34962480140286
0254,0.49205437,27.62717390065019
0255,0.44522953,23.491082940589322
0256,0.42147297,18.919072102931235
0257,0.42146873,13.906097166696293
0258,0.44522813,8.472855262550105
0259,0.49202743,2.67334140059808
0260,0.60866994,-3.4017413074262386
0261,0.88005984,-9.628990659514564
0262,1.0501666,-15.86498308948973
0263,0.62849563,-21.965101080377043
0264,0.5991436,-27.80274622916056
0265,0.5930903,-33.28295770696726
0266,0.6110564,-38.347447144970154
0267,0.6509262,-42.971915144769625
0268,0.9323121,-47.158802934352224
0269,0.8996345,-50.92876702169767
0270,0.6978037,14.690517106373713
0271,0.60865146,11.349624801402832
0272,0.49205697,7.627173900650163
0273,0.44522378,3.4910829405892425
0274,0.4214704,-1.080927897068741
0275,0.42146683,-6.093902833303735
0276,0.44522843,-11.527144737449872
0277,0.49203318,-17.3266585994019
0278,0.60868573,-23.401741307426267
0279,0.88008827,-29.628990659514592
0280,0.74146575,-35.864983089489755
0281,0.6802603,-41.965101080377075
0282,0.6509025,-47.80274622916059
0283,0.64485085,-53.28295770696729
0284,0.6628263,-58.34744714497018
0285,0.70268595,-62.97191514476965
0286,0.73238236,-67.15880293435225
0287,0.70003414,-70.92876702169774
0288,0.4996067,-5.309482893626265
0289,0.52533424,-8.650375198597146
0290,0.4920742,-12.372826099349814
0291,0.44521663,-16.508917059410734
0292,0.42147058,-21.08092789706872
0293,0.4214647,-26.093902833303712
0294,0.4452204,-31.52714473744985
0295,0.49203116,-37.326658599401874
0296,0.6086777,-43.40174130742624
0297,0.8800635,-49.62899065951457
0298,0.7940821,-55.86498308948973
0299,0.7320148,-61.965101080377046
0300,0.7026664,-67.80274622916056
0301,0.6972078,-73.28295770696727
0302,0.7223273,-78.34744714497016
0303,1.222613,-82.97191514476964
0304,0.5324436,-87.15880293435222
0305,0.50079405,-90.92876702169772
0306,0.3037929,-25.309482893626242
0307,0.33610523,-28.65037519859712
0308,0.49206457,-32.372826099349794
0309,0.445221,-36.50891705941071
0310,0.42146814,-41.0809278970687
0311,0.4214643,-46.09390283330369
0312,0.44522038,-51.527144737449824
0313,0.49203277,-57.32665859940185
0314,0.6086653,-63.40174130742622
0315,0.8800443,-69.62899065951454
0316,0.8466987,-75.86498308948971
0317,0.7888852,-81.96510108037702
0318,0.77110565,-87.80274622916055
0319,0.78318334,-93.28295770696724
0320,0.863668,-98.34744714497013
0321,0.48147112,-102.97191514476961
0322,0.33246863,-107.15880293435225
0323,0.3019413,-110.9287670216977
0324,0.26189002,-42.002338844238565
0325,0.2748504,-45.34764972037046
0326,0.30937755,-49.12858799114932
0327,0.37603858,-53.396119340780544
0328,0.42136556,-58.1933459191464
0329,0.42095464,-63.54490196229894
0330,0.44436213,-69.44295417571932
0331,0.48996142,-75.83245087146626
0332,0.31469196,-82.60138309006656
0333,0.19847846,-89.58351252415142
0334,0.14067192,-96.5779724888957
0335,0.10574621,-103.38179921945655
0336,0.10153716,-109.82329575694148
0337,0.25554088,-115.7835659865457
0338,0.5203126,-121.20113703269985
0339,0.3684826,-126.06331360940045
0340,0.30441636,-130.39166152026343
0341,0.26970553,-134.22772255618924
0342,0.8973565,-62.002338844238565
0343,0.82991153,-65.34764972037047
0344,0.6929205,-69.1285879911493
0345,0.6452328,-73.39611934078054
0346,0.62147224,-78.1933459191464
0347,0.49525374,-83.54490196229894
0348,0.3511764,-89.44295417571932
0349,0.28543556,-95.83245087146626
0350,0.250695,-102.60138309006656
0351,0.23863462,-109.58351252415142
0352,0.2506922,-116.5779724888957
0353,0.2854241,-123.38179921945654
0354,0.3511807,-129.82329575694146
0355,0.49526665,-135.7835659865457
0356,0.4598248,-141.20113703269985
0357,0.43493178,-146.06331360940047
0358,0.43745604,-150.39166152026345
0359,0.49182138,-154.22772255618924
0360,1.1651443,-82.00233884423857
0361,0.8298796,-85.34764972037047
0362,0.6929671,-89.12858799114932
0363,0.64520717,-93.39611934078054
0364,0.6214689,-98.19334591914641
0365,0.6214606,-103.54490196229894
0366,0.5580436,-109.44295417571932
0367,0.4849147,-115.83245087146628
0368,0.45017073,-122.60138309006658
0369,0.438117,-129.58351252415142
0370,0.45016885,-136.5779724888957
0371,0.4849054,-143.38179921945655
0372,0.55803514,-149.82329575694146
0373,0.3755314,-155.7835659865457
0374,0.34137845,-161.20113703269985
0375,0.341791,-166.06331360940047
0376,0.3832562,-170.39166152026345
0377,0.55958253,-174.22772255618924
0378,1.1651325,-102.00233884423857
0379,0.82988966,-105.34764972037046
0380,0.69302833,-109.1285879911493
0381,0.6452235,-113.39611934078054
0382,0.62146723,-118.19334591914641
0383,0.6214577,-123.54490196229892
0384,0.6452111,-129.4429541757193
0385,0.6848929,-135.83245087146625
0386,0.6501594,-142.60138309006658
0387,0.6381153,-149.5835125241514
0388,0.65016353,-156.57797248889568
0389,0.6848837,-163.38179921945655
0390,0.3432807,-169.8232957569415
0391,0.3104098,-175.7835659865457
0392,0.31552184,178.79886296730015
0393,0.35419473,173.93668639059953
0394,0.438467,169.60833847973657
0395,0.6275061,165.77227744381076
0396,1.0909466,-122.00233884423858
0397,0.82984936,-125.34764972037047
0398,0.6929931,-129.12858799114932
0399,0.64521897,-133.39611934078056
0400,0.6214651,-138.1933459191464
0401,0.62145656,-143.54490196229895
0402,0.64520854,-149.44295417571934
0403,0.69290715,-155.83245087146628
0404,0.8299726,-162.60138309006655
0405,0.83812124,-169.58351252415142
0406,0.85016394,-176.5779724888957
0407,0.3848415,176.61820078054345
0408,0.3541782,170.17670424305848
0409,0.3481246,164.21643401345432
0410,0.36609855,158.79886296730012
0411,0.4059622,153.93668639059956
0412,0.4936839,149.60833847973655
0413,1.1047981,145.77227744381074
0414,0.89064884,-142.00233884423855
0415,0.8298604,-145.34764972037044
0416,0.692997,-149.12858799114932
0417,0.64522195,-153.39611934078056
0418,0.6214637,-158.19334591914642
0419,0.6214554,-163.54490196229892
0420,0.6452152,-169.4429541757193
0421,0.69288635,-175.83245087146625
0422,0.82996404,177.39861690993342
0423,1.0381233,170.4164874758486
0424,0.49244505,163.42202751110432
0425,0.43530214,156.61820078054348
0426,0.40593955,150.1767042430585
0427,0.39988643,144.2164340134543
0428,0.41786242,138.79886296730015
0429,0.45771638,133.93668639059953
0430,0.9695332,129.60833847973657
0431,0.90587723,125.77227744381076
0432,0.690036,-162.00233884423855
0433,0.69517213,-165.34764972037047
0434,0.692725,-169.12858799114932
0435,0.645196,-173.39611934078053
0436,0.6214558,-178.1933459191464
0437,0.6214501,176.45509803770105
0438,0.6452051,170.55704582428066
0439,0.69288486,164.16754912853378
0440,0.8299764,157.39861690993345
0441,1.1646441,150.4164874758486
0442,0.5450789,143.4220275111043
0443,0.4870667,136.61820078054345
0444,0.45770836,130.17670424305854
0445,0.4516553,124.2164340134543
0446,0.46962696,118.79886296730018
0447,0.98055214,113.93668639059956
0448,0.7798417,109.60833847973659
0449,0.70772994,105.77227744381074
0450,0.48967528,177.99766115576145
0451,0.4962813,174.65235027962953
0452,0.53620976,170.87141200885068
0453,0.6452002,166.60388065921947
0454,0.62145394,161.80665408085358
0455,0.6214474,156.45509803770108
0456,0.6451994,150.5570458242807
0457,0.692905,144.16754912853375
0458,0.8299749,137.39861690993342
0459,0.7543309,130.41648747584858
0460,0.59770375,123.4220275111043
0461,0.538828,116.61820078054346
0462,0.50977975,110.17670424305851
0463,0.5102839,104.21643401345433
0464,0.5427669,98.79886296730015
0465,1.0677465,93.93668639059953
0466,0.59214264,89.60833847973656
0467,0.510427,85.77227744381076
0468,0.28999346,157.99766115576142
0469,0.2973126,154.65235027962956
0470,0.33725685,150.8714120088507
0471,0.64519256,146.6038806592195
0472,0.6214524,141.8066540808536
0473,0.62144434,136.45509803770108
0474,0.64519346,130.55704582428072
0475,0.6928692,124.16754912853371
0476,0.82996106,117.39861690993344
0477,0.8143209,110.41648747584857
0478,0.6503247,103.42202751110433
0479,0.6091295,96.61820078054343
0480,0.5982918,90.17670424305854
0481,0.6192173,84.2164340134543
0482,1.0176728,78.79886296730012
0483,1.0835353,73.93668639059955
0484,0.40693885,69.60833847973653
0485,0.31521147,65.77227744381078
0486,0.26189005,137.99766115576145
0487,0.2653479,134.65235027962953
0488,0.29167435,130.87141200885068
0489,0.34753385,126.60388065921946
0490,0.48845828,121.80665408085362
0491,0.6203119,116.45509803770106
0492,0.6440555,110.55704582428068
0493,0.3156657,104.16754912853374
0494,0.14956394,97.39861690993347
0495,0.053674906,90.41648747584858
0496,0.06012596,83.4220275111043
0497,0.13243748,76.61820078054346
0498,0.26557127,70.17670424305851
0499,0.41856545,64.21643401345428
0500,0.43738785,58.798862967300145
0501,0.30251122,53.936686390599576
0502,0.23824257,49.60833847973656
0503,0.19940636,45.77227744381076
0504,0.50578046,117.99766115576146
0505,1.0513434,114.6523502796295
0506,0.8938767,110.87141200885071
0507,0.845308,106.60388065921943
0508,0.8215496,101.80665408085359
0509,0.49698502,96.45509803770103
0510,0.35264263,90.55704582428065
0511,0.28682902,84.16754912853375
0512,0.25208855,77.39861690993344
0513,0.2400269,70.41648747584861
0514,0.25208357,63.42202751110427
0515,0.28682774,56.61820078054343
0516,0.3526299,50.17670424305852
0517,0.49699643,44.2164340134543
0518,0.38023925,38.79886296730017
0519,0.30508304,33.93668639059955
0520,0.2857695,29.60833847973658
0521,0.30266666,25.77227744381073
0522,0.6116159,97.99766115576143
0523,1.0514277,94.65235027962953
0524,0.89352244,90.87141200885068
0525,0.8452257,86.60388065921946
0526,0.82144654,81.80665408085356
0527,0.7398226,76.45509803770106
0528,0.5580528,70.55704582428068
0529,0.48491806,64.16754912853372
0530,0.4501768,57.3986169099334
0531,0.43811455,50.416487475848584
0532,0.45016497,43.4220275111043
0533,0.48489735,36.618200780543454
0534,0.5580482,30.1767042430585
0535,0.30482727,24.21643401345432
0536,0.17966205,18.798862967300142
0537,0.15475199,13.936686390599517
0538,0.1798094,9.608338479736554
0539,0.3060785,5.772277443810752
0540,1.3138555,77.99766115576145
0541,1.0514439,74.65235027962954
0542,0.8935181,70.8714120088507
0543,0.84399354,66.60388065921947
0544,0.8195167,61.80665408085359
0545,0.8195873,56.45509803770108
0546,0.76522297,50.5570458242807
0547,0.68469656,44.16754912853375
0548,0.6500783,37.39861690993342
0549,0.63806295,30.416487475848605
0550,0.6501331,23.422027511104318
0551,0.68487483,16.61820078054348
0552,0.2274988,10.176704243058522
0553,0.116522886,4.216434013454345
0554,0.126841,-1.2011370326998363
0555,0.16670017,-6.063313609400461
0556,0.23850286,-10.391661520263423
0557,0.385178,-14.227722556189226
0558,1.1161774,57.99766115576143
0559,1.0514371,54.65235027962952
0560,0.8935124,50.87141200885067
0561,0.84524477,46.60388065921945
0562,0.82144195,41.80665408085361
0563,0.82143426,36.45509803770105
0564,0.8451758,30.55704582428067
0565,0.8849068,24.16754912853372
0566,0.85014933,17.39861690993345
0567,0.83811957,10.416487475848577
0568,0.85016584,3.4220275111042886
0569,0.190346,-3.3817992194565503
0570,0.16098255,-9.823295756941507
0571,0.15492636,-15.783565986545733
0572,0.17290588,-21.201137032699865
0573,0.21276037,-26.06331360940044
0574,0.28762373,-30.39166152026345
0575,1.1401664,-34.227722556189256
0576,0.9198951,37.99766115576145
0577,0.9115625,34.652350279629545
0578,0.8936916,30.871412008850694
0579,0.8451817,26.60388065921947
0580,0.82145196,21.806654080853637
0581,0.82144004,16.455098037701074
0582,0.84518427,10.557045824280694
0583,0.8937746,4.167549128533745
0584,1.0501438,-2.601383090066529
0585,1.0381224,-9.5835125241514
0586,0.2960594,-16.57797248889569
0587,0.24210338,-23.38179921945653
0588,0.21273945,-29.823295756941484
0589,0.2066832,-35.78356598654571
0590,0.22465912,-41.20113703269984
0591,0.264515,-46.06331360940042
0592,1.358499,-50.391661520263426
0593,0.94738525,-54.22772255618923
0594,0.7258456,17.99766115576142
0595,0.7162841,14.652350279629518
0596,0.7442721,10.871412008850665
0597,0.8451715,6.603880659219442
0598,0.8214489,1.8066540808535578
0599,0.8214372,-3.544901962298954
0600,0.8451851,-9.442954175719334
0601,0.8937666,-15.832450871466284
0602,1.0512934,-22.60138309006661
0603,0.47046837,-29.583512524151427
0604,0.34867644,-36.57797248889572
0605,0.29386368,-43.38179921945655
0606,0.26450166,-49.82329575694151
0607,0.25844416,-55.78356598654569
0608,0.27659795,-61.20113703269987
0609,0.7826083,-66.0633136094005
0610,1.2017286,-70.39166152026345
0611,0.7575351,-74.22772255618926
0612,0.53515595,-2.0023388442385577
0613,0.5259823,-5.34764972037046
0614,0.54618996,-9.128587991149312
0615,0.62218684,-13.396119340780535
0616,0.82162595,-18.19334591914642
0617,0.8215931,-23.544901962298933
0618,0.8453564,-29.44295417571931
0619,0.89391714,-35.832450871466264
0620,1.0514466,-42.601383090066584
0621,0.5302273,-49.5835125241514
0622,0.40110025,-56.577972488895696
0623,0.34547666,-63.38179921945653
0624,0.32309756,-69.82329575694149
0625,0.33798462,-75.78356598654567
0626,0.59678954,-81.20113703269985
0627,1.0635213,-86.06331360940047
0628,1.0574534,-90.39166152026344
0629,0.57303053,-94.22772255618924
0630,0.35195515,-22.002338844238537
0631,0.33582366,-25.347649720370438
0632,0.35018274,-29.12858799114929
0633,0.40166712,-33.396119340780515
0634,0.8216222,-38.193345919146395
0635,0.82159317,-43.54490196229891
0636,0.84535426,-49.44295417571929
0637,0.89391094,-55.832450871466236
0638,0.9066984,-62.60138309006656
0639,0.5902103,-69.58351252415139
0640,0.46951726,-76.57797248889567
0641,0.44414565,-83.38179921945651
0642,0.44924575,-89.82329575694146
0643,0.51204354,-95.78356598654564
0644,0.87782586,-101.20113703269978
0645,0.9257688,-106.06331360940045
0646,0.9274959,-110.39166152026336
0647,0.4110466,-114.22772255618922
0648,0.2062883,-38.312057144754654
0649,0.7229743,-41.60921644304843
0650,1.0946646,-45.39655445453303
0651,1.045187,-49.7506543644064
0652,0.83401185,-54.74606167330577
0653,0.49617273,-60.44140828962505
0654,0.3519459,-66.85746639001239
0655,0.28615603,-73.94925331702521
0656,0.25140917,-81.58164731704476
0657,0.23934662,-89.52532769004121
0658,0.25140297,-97.4871813586285
0659,0.28614405,-105.17014758916109
0660,0.35192814,-112.33502845585753
0661,0.4888121,-118.83515574633053
0662,0.32573488,-124.61590734449283
0663,0.24848688,-129.69176786787224
0664,0.20862071,-134.11818344965224
0665,0.19063601,-137.96868818757972
0666,0.22104405,-58.31205714475468
0667,1.2766328,-61.6092164430484
0668,1.0754486,-65.39655445453303
0669,1.0273045,-69.7506543644064
0670,1.0049852,-74.74606167330577
0671,0.71343046,-80.44140828962504
0672,0.5160837,-86.85746639001239
0673,0.45284376,-93.94925331702521
0674,0.4182902,-101.58164731704476
0675,0.40629256,-109.52532769004121
0676,0.41277915,-117.4871813586285
0677,0.44649875,-125.17014758916109
0678,0.5159945,-132.33502845585753
0679,0.29883608,-138.83515574633054
0680,0.17517506,-144.61590734449283
0681,0.10863551,-149.69176786787224
0682,0.07209033,-154.11818344965224
0683,0.08494232,-157.96868818757972
0684,0.8068684,-78.31205714475466
0685,0.7803734,-81.60921644304842
0686,0.7880072,-85.39655445453303
0687,0.82584053,-89.75065436440642
0688,1.0019828,-94.74606167330577
0689,1.0021372,-100.44140828962503
0690,1.0230242,-106.85746639001239
0691,1.0668727,-113.94925331702521
0692,1.240882,-121.58164731704476
0693,0.27857947,-129.52532769004122
0694,0.18091182,-137.4871813586285
0695,0.13223673,-145.17014758916108
0696,0.104272984,-152.33502845585753
0697,0.09807424,-158.83515574633054
0698,0.1561181,-164.61590734449283
0699,0.62042856,-169.69176786787224
0700,1.1009262,-174.11818344965224
0701,0.832263,-177.96868818757972
0702,0.6276122,-98.31205714475466
0703,0.60291666,-101.60921644304841
0704,0.60590553,-105.39655445453303
0705,0.6388754,-109.75065436440642
0706,1.0217502,-114.74606167330577
0707,1.0216275,-120.44140828962503
0708,1.0453678,-126.85746639001239
0709,1.0948457,-133.9492533170252
0710,0.5227232,-141.58164731704474
0711,0.3062816,-149.52532769004122
0712,0.20465823,-157.4871813586285
0713,0.1611314,-165.1701475891611
0714,0.16930826,-172.3350284558575
0715,0.29035932,-178.8351557463305
0716,0.6074052,175.38409265550715
0717,0.93465453,170.30823213212776
0718,0.92075104,165.8818165503478
0719,0.77076304,162.03131181242028
0720,0.46924335,-118.31205714475466
0721,0.43542385,-121.60921644304841
0722,0.42851418,-125.39655445453302
0723,0.4544113,-129.75065436440642
0724,0.56434315,-134.74606167330575
0725,1.0215968,-140.44140828962503
0726,1.0453544,-146.8574663900124
0727,1.0947981,-153.9492533170252
0728,0.60390997,-161.58164731704477
0729,0.36631492,-169.5253276900412
0730,0.32214347,-177.4871813586285
0731,0.3210308,174.8298524108389
0732,0.35838974,167.66497154414247
0733,0.5931962,161.16484425366946
0734,0.72094774,155.38409265550717
0735,0.7813583,150.30823213212776
0736,0.7751831,145.88181655034776
0737,0.7967185,142.03131181242026
0738,0.36472967,-138.31205714475468
0739,0.29188502,-141.6092164430484
0740,0.27033654,-145.39655445453303
0741,0.2824831,-149.75065436440642
0742,0.32773018,-154.74606167330577
0743,1.0215985,-160.44140828962503
0744,1.0453804,-166.8574663900124
0745,1.0948046,-173.9492533170252
0746,0.68503755,178.41835268295526
0747,0.51646864,170.47467230995878
0748,0.49662474,162.5128186413715
0749,0.510209,154.82985241083892
0750,0.582249,147.66497154414247
0751,0.76456034,141.1648442536695
0752,0.66953355,135.38409265550715
0753,0.64477545,130.30823213212773
0754,0.6485748,125.88181655034778
0755,0.68046576,122.03131181242028
0756,0.14621769,-158.31205714475468
0757,0.17408235,-161.6092164430484
0758,1.2955569,-165.39655445453303
0759,1.2451867,-169.7506543644064
0760,0.8337805,-174.74606167330575
0761,0.49597234,179.55859171037497
0762,0.35178035,173.14253360998762
0763,0.2859773,166.05074668297482
0764,0.251244,158.4183526829553
0765,0.23918019,150.4746723099588
0766,0.25123826,142.51281864137152
0767,0.28598133,134.8298524108389
0768,0.35177302,127.66497154414246
0769,0.4210907,121.16484425366946
0770,0.27068025,115.38409265550717
0771,0.19686559,110.30823213212776
0772,0.15707177,105.88181655034779
0773,0.13900954,102.03131181242026
0774,0.75733894,-178.31205714475465
0775,0.71605325,178.3907835569516
0776,0.70802355,174.60344554546694
0777,0.72727346,170.24934563559358
0778,0.7806872,165.25393832669425
0779,1.2168188,159.55859171037494
0780,1.2407126,153.1425336099876
0781,0.63506716,146.0507466829748
0782,0.23816016,138.41835268295526
0783,0.09207818,130.47467230995878
0784,0.06876526,122.51281864137148
0785,0.11701489,114.82985241083892
0786,0.20639652,107.66497154414249
0787,0.37934664,101.16484425366947
0788,0.45007122,95.3840926555072
0789,0.8170603,90.30823213212773
0790,0.7948855,85.88181655034776
0791,0.7997592,82.03131181242028
0792,0.6513199,161.68794285524532
0793,0.5762317,158.3907835569516
0794,0.5523273,154.60344554546697
0795,0.56343216,150.24934563559358
0796,0.6007582,145.25393832669423
0797,1.2218137,139.55859171037497
0798,1.2455662,133.14253360998762
0799,0.77071065,126.0507466829748
0800,0.30088928,118.41835268295523
0801,0.25236616,110.47467230995879
0802,0.25634006,102.51281864137151
0803,0.30327332,94.8298524108389
0804,0.4187088,87.6649715441425
0805,0.51426536,81.1648442536695
0806,0.7031982,75.38409265550717
0807,0.6556645,70.30823213212776
0808,0.6395254,65.88181655034774
0809,0.652252,62.031311812420306
0810,0.59474313,141.68794285524535
0811,0.4647551,138.39078355695156
0812,0.42677826,134.603445545467
0813,0.42210764,130.24934563559356
0814,0.44772995,125.25393832669421
0815,0.56688386,119.55859171037496
0816,1.2454529,113.1425336099876
0817,0.9248315,106.05074668297478
0818,0.47575548,98.41835268295524
0819,0.4488965,90.47467230995882
0820,0.45637733,82.51281864137148
0821,0.49958944,74.82985241083891
0822,0.6293977,67.66497154414247
0823,0.66716176,61.16484425366947
0824,0.53332084,55.38409265550714
0825,0.49904555,50.30823213212778
0826,0.4927783,45.881816550347764
0827,0.5158066,42.03131181242028
0828,0.6249134,121.68794285524532
0829,0.4497636,118.39078355695159
0830,0.3444005,114.60344554546697
0831,0.31918433,110.2493456355936
0832,0.3260668,105.25393832669423
0833,0.36330682,99.55859171037497
0834,1.2454686,93.14253360998761
0835,1.0788381,86.05074668297479
0836,0.6693074,78.41835268295527
0837,0.646164,70.47467230995879
0838,0.65780514,62.5128186413715
0839,0.6959705,54.82985241083889
0840,0.79272115,47.664971544142446
0841,0.45549694,41.16484425366944
0842,0.38727695,35.38409265550717
0843,0.3645704,30.308232132127753
0844,0.37264946,25.881816550347786
0845,0.40915677,22.03131181242025
0846,0.62552226,101.68794285524534
0847,0.5499962,98.39078355695156
0848,0.34439576,94.60344554546694
0849,0.28033963,90.24934563559357
0850,0.26096165,85.25393832669425
0851,0.27515435,79.55859171037494
0852,0.32587585,73.14253360998758
0853,1.2328298,66.05074668297476
0854,0.8695571,58.418352682955245
0855,0.8446967,50.474672309958756
0856,0.8577722,42.512818641371474
0857,0.89443755,34.82985241083891
0858,0.43930167,27.66497154414247
0859,0.30804223,21.164844253669465
0860,0.2734634,15.384092655507187
0861,0.2685985,10.308232132127724
0862,0.29523525,5.881816550347758
0863,0.37489778,2.031311812420272
0864,0.5218168,81.68794285524537
0865,0.4500071,78.39078355695159
0866,0.41642654,74.60344554546695
0867,0.32722762,70.24934563559358
0868,0.27573124,65.25393832669427
0869,0.2611351,59.55859171037496
0870,0.28006414,53.14253360998761
0871,0.34372982,46.05074668297479
0872,1.0644485,38.418352682955266
0873,1.0445433,30.47467230995878
0874,1.0577377,22.512818641371496
0875,0.50290346,14.829852410838933
0876,0.27141947,7.664971544142494
0877,0.22620195,1.1648442536694874
0878,0.21227248,-4.61590734449279
0879,0.23138638,-9.691767867872255
0880,0.28563082,-14.11818344965222
0881,0.6978598,-17.968688187579705
0882,0.41811177,61.68794285524534
0883,0.35000744,58.39078355695156
0884,0.3164281,54.60344554546698
0885,0.3037981,50.249345635593556
0886,0.31588912,45.2539383266942
0887,0.32683322,39.55859171037494
0888,0.31961402,33.14253360998758
0889,0.34461135,26.05074668297476
0890,0.44173723,18.418352682955238
0891,1.2465075,10.474672309958805
0892,1.2576975,2.5128186413714664
0893,0.2894966,-5.170147589161094
0894,0.2315442,-12.335028455857534
0895,0.21097699,-18.835155746330543
0896,0.22284767,-24.615907344492868
0897,0.26550743,-29.69176786787223
0898,0.45661452,-34.11818344965225
0899,0.57526433,-37.96868818757974
0900,0.3144096,41.68794285524536
0901,0.25000852,38.39078355695158
0902,0.21643023,34.603445545467004
0903,0.20379475,30.24934563559358
0904,0.21588783,25.253938326694218
0905,0.2506278,19.55859171037496
0906,0.3151082,13.142533609987604
0907,0.42758563,6.0507466829747845
0908,0.46198535,-1.5816473170447407
0909,1.4454606,-9.525327690041173
0910,0.3780753,-17.48718135862851
0911,0.29243526,-25.170147589161072
0912,0.2641635,-32.33502845585751
0913,0.26727217,-38.83515574633052
0914,0.30084395,-44.61590734449285
0915,0.41979912,-49.69176786787221
0916,0.42114842,-54.11818344965222
0917,0.38445407,-57.96868818757971
0918,0.40711507,21.687942855245332
0919,0.6505063,18.390783556951554
0920,0.6005799,14.603445545466926
0921,0.58559763,10.249345635593553
0922,0.6005099,5.253938326694239
0923,0.64824253,-0.44140828962506806
0924,1.4451487,-6.8574663900124255
0925,0.49286836,-13.949253317025244
0926,0.46326345,-21.58164731704477
0927,0.46624693,-29.52532769004125
0928,0.49561056,-37.48718135862854
0929,0.49714303,-45.1701475891611
0930,0.523306,-52.33502845585754
0931,1.0853564,-58.83515574633055
0932,0.4384729,-64.61590734449283
0933,0.37904835,-69.69176786787229
0934,0.35882938,-74.11818344965225
0935,0.3695548,-77.96868818757974
0936,0.3077804,1.6879428552453541
0937,0.8287269,-1.6092164430484233
0938,0.53915274,-5.396554454533051
0939,0.5086283,-9.750654364406424
0940,0.5071177,-14.746061673305737
0941,0.53543633,-20.441408289625045
0942,1.1121304,-26.8574663900124
0943,0.692575,-33.949253317025224
0944,0.6607355,-41.58164731704475
0945,0.65905136,-49.52532769004123
0946,0.66867036,-57.48718135862852
0947,0.6736759,-65.17014758916108
0948,0.7072768,-72.33502845585751
0949,0.38684565,-78.83515574633053
0950,0.25397494,-84.6159073444928
0951,0.21733136,-89.69176786787226
0952,0.21084554,-94.11818344965224
0953,0.23642594,-97.96868818757972
0954,0.32966617,-18.312057144754622
0955,0.7224823,-21.6092164430484
0956,0.55238754,-25.396554454533028
0957,0.47785667,-29.7506543644064
0958,0.45688817,-34.74606167330572
0959,0.46549964,-40.44140828962502
0960,0.5037697,-46.85746639001238
0961,0.8882435,-53.949253317025196
0962,0.8551415,-61.58164731704473
0963,0.85003054,-69.52532769004121
0964,0.8498626,-77.48718135862849
0965,0.8605942,-85.17014758916106
0966,0.3632318,-92.3350284558575
0967,0.1728776,-98.8351557463305
0968,0.12353817,-104.61590734449278
0969,0.106947094,-109.69176786787224
0970,0.12658788,-114.11818344965226
0971,0.1789205,-117.96868818757969
0972,0.38600823,-34.20435243894201
0973,0.39298892,-37.381599777898
0974,0.38688493,-41.09760376246165
0975,0.3706704,-45.4614703113469
0976,0.37874573,-50.592732394374984
0977,0.41021186,-56.60619406960146
0978,0.47884566,-63.580659643250236
0979,0.5852279,-71.50868297985005
0980,0.6309503,-80.23903177677646
0981,1.4308214,-89.44824614753354
0982,0.17785515,-98.68581155564365
0983,0.12370641,-107.49309911342478
0984,0.10361767,-115.52749286402337
0985,0.12062723,-122.61773802315159
0986,0.16853842,-128.74220772351816
0987,0.32662636,-133.97243841157544
0988,1.3078152,-138.4209729161843
0989,0.40622813,-142.20783172741952
0990,0.27874768,-54.20435243894199
0991,0.34868783,-57.38159977789801
0992,0.7858724,-61.09760376246165
0993,0.764714,-65.4614703113469
0994,0.7721282,-70.59273239437499
0995,0.8066623,-76.60619406960144
0996,0.570052,-83.58065964325024
0997,0.53017426,-91.50868297985005
0998,0.50260764,-100.23903177677646
0999,0.4213194,-109.44824614753354
1000,0.40549994,-118.68581155564364
1001,0.42326665,-127.49309911342476
1002,0.650025,-135.52749286402337
1003,0.89314723,-142.6177380231516
1004,0.46697083,-148.74220772351816
1005,0.30278623,-153.97243841157544
1006,0.26474908,-158.4209729161843
1007,0.256637,-162.20783172741952
1008,0.123552054,-74.20435243894198
1009,0.2321793,-77.381599777898
1010,0.7356949,-81.09760376246166
1011,0.7022934,-85.4614703113469
1012,0.6953779,-90.59273239437499
1013,0.718533,-96.60619406960144
1014,0.83566225,-103.58065964325024
1015,0.71242934,-111.50868297985006
1016,0.6294986,-120.23903177677644
1017,0.58928084,-129.44824614753355
1018,0.5789664,-138.68581155564365
1019,0.60052675,-147.49309911342476
1020,0.96148527,-155.52749286402337
1021,0.9664398,-162.6177380231516
1022,0.21077804,-168.74220772351816
1023,0.13649502,-173.97243841157544
1024,0.10771014,-178.4209729161843
1025,0.11374554,177.79216827258045
1026,0.19509538,-94.204352438942
1027,0.23885493,-97.38159977789799
1028,0.3329666,-101.09760376246165
1029,0.9505496,-105.4614703113469
1030,0.9529875,-110.59273239437499
1031,0.9824606,-116.60619406960144
1032,0.61895025,-123.58065964325021
1033,0.5790653,-131.50868297985005
1034,0.38600218,-140.23903177677644
1035,0.36433363,-149.44824614753352
1036,0.376534,-158.68581155564365
1037,0.4345037,-167.49309911342476
1038,0.7057757,-175.52749286402334
1039,0.7045819,177.3822619768484
1040,0.731629,171.25779227648187
1041,0.32627082,166.02756158842456
1042,0.23307942,161.57902708381573
1043,0.2019085,157.79216827258048
1044,0.12564696,-114.204352438942
1045,0.046308037,-117.38159977789799
1046,0.022980433,-121.09760376246166
1047,0.10198539,-125.46147031134691
1048,0.24337815,-130.592732394375
1049,0.45088807,-136.60619406960143
1050,0.32264802,-143.58065964325024
1051,0.2574127,-151.50868297985005
1052,0.22190899,-160.23903177677644
1053,0.2050301,-169.44824614753355
1054,0.21480721,-178.68581155564365
1055,0.24879862,172.50690088657527
1056,0.31325373,164.47250713597663
1057,0.4506508,157.38226197684844
1058,0.6803476,151.25779227648184
1059,0.70316374,146.02756158842456
1060,0.9709027,141.5790270838157
1061,0.32124063,137.7921682725805
1062,0.19707319,-134.204352438942
1063,0.19744092,-137.381599777898
1064,0.23722634,-141.09760376246163
1065,0.36734334,-145.46147031134691
1066,1.1404585,-150.592732394375
1067,0.77519727,-156.60619406960146
1068,0.66990864,-163.58065964325021
1069,0.41041842,-171.50868297985008
1070,0.3847642,179.76096822322353
1071,0.39229757,170.55175385246648
1072,0.43315163,161.31418844435632
1073,0.53976303,152.50690088657524
1074,0.5146556,144.47250713597663
1075,0.51916426,137.3822619768484
1076,0.5524861,131.25779227648187
1077,1.1834745,126.02756158842455
1078,0.28958997,121.57902708381572
1079,0.218797,117.79216827258048
1080,0.72483975,-154.20435243894198
1081,0.5975786,-157.381599777898
1082,0.45799422,-161.09760376246163
1083,0.43634135,-165.4614703113469
1084,0.4430989,-170.592732394375
1085,0.48043004,-176.60619406960146
1086,0.3469132,176.41934035674979
1087,0.21980983,168.49131702014995
1088,0.18187563,159.76096822322353
1089,0.17516012,150.55175385246645
1090,0.20134741,141.31418844435635
1091,0.27237898,132.50690088657524
1092,0.9529769,124.47250713597661
1093,0.9468019,117.38226197684843
1094,0.6289648,111.25779227648182
1095,0.5957829,106.02756158842458
1096,0.59063613,101.57902708381575
1097,0.61497545,97.7921682725805
1098,0.6602795,-174.204352438942
1099,0.67231625,-177.381599777898
1100,0.44940582,178.90239623753834
1101,0.38974607,174.53852968865309
1102,0.37374824,169.40726760562504
1103,0.39059043,163.39380593039857
1104,0.45395815,156.41934035674976
1105,0.42079252,148.49131702014992
1106,0.38362184,139.76096822322356
1107,0.37550467,130.55175385246648
1108,0.3979803,121.31418844435638
1109,0.4651002,112.50690088657522
1110,1.0181595,104.47250713597663
1111,0.5581289,97.3822619768484
1112,0.48413318,91.25779227648185
1113,0.46286783,86.02756158842459
1114,0.47172818,81.57902708381572
1115,0.5087346,77.79216827258048
1116,0.46029449,165.79564756105802
1117,0.4723413,162.618400222102
1118,0.5091972,158.90239623753837
1119,0.41604623,154.5385296886531
1120,0.37535608,149.407267605625
1121,0.36621234,143.39380593039854
1122,0.38969934,136.41934035674973
1123,0.5050303,128.49131702014995
1124,0.58385503,119.76096822322353
1125,0.57508993,110.55175385246649
1126,0.5945988,101.31418844435635
1127,0.6570599,92.50690088657524
1128,1.1057928,84.47250713597666
1129,0.40679294,77.38226197684843
1130,0.37262928,71.25779227648187
1131,0.36861363,66.02756158842456
1132,0.39546573,61.57902708381569
1133,0.47374132,57.7921682725805
1134,0.26027763,145.795647561058
1135,0.2723315,142.61840022210203
1136,0.3091898,138.90239623753834
1137,0.37504515,134.5385296886531
1138,0.4470592,129.40726760562498
1139,0.41528055,123.39380593039857
1140,0.41435105,116.41934035674976
1141,0.4448124,108.49131702014996
1142,0.7841091,99.76096822322356
1143,0.7747923,90.55175385246646
1144,0.7928747,81.31418844435636
1145,0.8506182,72.50690088657521
1146,0.3731352,64.47250713597663
1147,0.3262158,57.38226197684844
1148,0.31237125,51.257792276481844
1149,0.33055812,46.02756158842453
1150,0.30849025,41.57902708381571
1151,0.2737442,37.79216827258052
1152,0.34950015,125.79564756105802
1153,0.24233393,122.618400222102
1154,0.18907943,118.90239623753831
1155,0.16281617,114.5385296886531
1156,0.18271394,109.40726760562501
1157,0.4893931,103.39380593039854
1158,0.3512545,96.41934035674979
1159,0.28547215,88.49131702014994
1160,0.25072318,79.76096822322353
1161,0.23866169,70.55175385246643
1162,0.25072283,61.31418844435633
1163,0.28546977,52.50690088657524
1164,0.35125303,44.4725071359766
1165,0.49534363,37.38226197684841
1166,0.49398696,31.257792276481812
1167,0.5174743,26.027561588424557
1168,0.8448922,21.579027083815735
1169,0.5809918,17.792168272580493
1170,0.28945,105.79564756105799
1171,0.18995063,102.61840022210201
1172,0.13842447,98.90239623753834
1173,0.112258404,94.53852968865307
1174,0.1064576,89.40726760562498
1175,0.12423642,83.39380593039856
1176,0.55785346,76.41934035674976
1177,0.4842608,68.4913170201499
1178,0.44919595,59.76096822322355
1179,0.43738708,50.55175385246646
1180,0.44943836,41.31418844435636
1181,0.48412403,32.50690088657521
1182,0.50864446,24.47250713597662
1183,0.4938933,17.382261976848387
1184,0.51139724,11.257792276481837
1185,0.6413414,6.027561588424581
1186,0.77523506,1.5790270838157054
1187,0.780895,-2.2078317274195354
1188,0.4146325,85.795647561058
1189,0.14832485,82.61840022210204
1190,0.10656525,78.90239623753837
1191,0.09275092,74.5385296886531
1192,0.08347245,69.40726760562501
1193,0.10124177,63.393805930398585
1194,0.14404884,56.41934035674978
1195,0.22215839,48.491317020149936
1196,0.6436982,39.76096822322357
1197,0.6317029,30.551753852466483
1198,0.6436659,21.314188444356382
1199,0.53586835,12.506900886575233
1200,0.51058125,4.472507135976643
1201,0.5259894,-2.6177380231515905
1202,0.5846384,-8.74220772351814
1203,0.6104159,-13.972438411575396
1204,0.5900568,-18.420972916184272
1205,0.5996815,-22.207831727419514
1206,0.2601763,65.79564756105798
1207,0.23479892,62.61840022210201
1208,0.25512156,58.90239623753833
1209,0.2969711,54.538529688653064
1210,1.3294837,49.40726760562497
1211,0.8307421,43.39380593039856
1212,0.49551767,36.41934035674975
1213,0.46317717,28.49131702014996
1214,0.46208033,19.760968223223543
1215,0.49243712,10.551753852466454
1216,0.40937215,1.3141884443563532
1217,0.3521799,-7.493099113424795
1218,0.33425245,-15.527492864023385
1219,0.34821898,-22.617738023151567
1220,0.39462027,-28.74220772351817
1221,1.0052068,-33.972438411575475
1222,1.01815,-38.4209729161843
1223,0.30861354,-42.20783172741949
1224,0.51165074,45.795647561058004
1225,0.8756888,42.61840022210203
1226,0.65171,38.90239623753836
1227,0.6246175,34.538529688653085
1228,0.62272316,29.407267605624998
1229,0.54687274,23.39380593039858
1230,0.28182757,16.419340356749775
1231,0.23616591,8.491317020149982
1232,0.22269204,-0.2390317767764334
1233,0.24093258,-9.448246147533522
1234,0.2952453,-18.685811555643625
1235,0.79282826,-27.493099113424773
1236,0.76134205,-35.527492864023365
1237,0.7609942,-42.617738023151546
1238,0.53247094,-48.74220772351815
1239,0.47339338,-53.97243841157545
1240,0.45498127,-58.420972916184276
1241,0.46714565,-62.20783172741947
1242,0.43144602,25.795647561057976
1243,0.67231095,22.618400222102004
1244,0.6609075,18.90239623753833
1245,0.589451,14.53852968865306
1246,0.5714011,9.407267605624972
1247,0.58367366,3.393805930398552
1248,0.49150333,-3.580659643250255
1249,0.43326157,-11.508682979850096
1250,0.4135492,-20.23903177677646
1251,0.42436433,-29.448246147533553
1252,0.4629876,-38.68581155564365
1253,0.85488254,-47.4930991134248
1254,0.8407133,-55.527492864023394
1255,0.5595209,-62.617738023151624
1256,0.3472783,-68.74220772351818
1257,0.31237364,-73.97243841157542
1258,0.3076629,-78.42097291618431
1259,0.33506498,-82.20783172741955
1260,0.46028426,5.795647561057997
1261,0.47233585,2.6184002221020255
1262,0.50918704,-1.097603762461647
1263,0.5824314,-5.461470311346917
1264,0.5725001,-10.592732394375007
1265,0.5657853,-16.606194069601425
1266,0.5894014,-23.580659643250232
1267,0.63028353,-31.508682979850075
1268,0.60751086,-40.239031776776436
1269,0.61365795,-49.44824614753353
1270,0.64714485,-58.68581155564363
1271,0.9569158,-67.49309911342478
1272,0.9527637,-75.52749286402337
1273,0.25610906,-82.6177380231516
1274,0.20341305,-88.74220772351815
1275,0.18704982,-93.97243841157541
1276,0.20491143,-98.42097291618434
1277,0.2613552,-102.20783172741952
1278,0.5733665,-14.20435243894198
1279,0.43870354,-17.381599777897954
1280,0.38161328,-21.097603762461624
1281,0.3552534,-25.461470311346893
1282,0.35094905,-30.592732394374984
1283,0.3840372,-36.6061940696014
1284,0.35119936,-43.58065964325021
1285,0.28540945,-51.50868297985005
1286,0.25065348,-60.239031776776415
1287,0.23859303,-69.44824614753351
1288,0.25065312,-78.68581155564361
1289,0.28540763,-87.49309911342476
1290,0.35118112,-95.52749286402334
1291,0.3101831,-102.61773802315157
1292,0.29358152,-108.74220772351813
1293,0.3167521,-113.97243841157538
1294,0.6036586,-118.42097291618431
1295,0.86304903,-122.2078317274195
1296,0.69712657,-29.65400808355532
1297,0.38632712,-32.61797209877617
1298,0.33156815,-36.15279242851566
1299,0.30170825,-40.404559443505775
1300,0.29575616,-45.5517990013439
1301,0.31371507,-51.79595036759324
1302,0.3535883,-59.325616941576236
1303,0.48490953,-68.23479897547296
1304,0.45016608,-78.39385765606454
1305,0.43811134,-89.34127808400262
1306,0.45017183,-100.33641891201894
1307,0.3974961,-110.61993202494938
1308,0.31803578,-119.6899396470357
1309,0.30752745,-127.3813510582134
1310,0.3360375,-133.76898607924167
1311,0.50729764,-139.03557123495193
1312,0.68791324,-143.3836095344573
1313,0.68153524,-146.99518333756296
1314,0.53720206,-49.65400808355532
1315,0.333713,-52.61797209877618
1316,0.27980742,-56.15279242851569
1317,0.24994865,-60.404559443505754
1318,0.24400133,-65.5517990013439
1319,0.26195568,-71.79595036759324
1320,0.30182856,-79.32561694157624
1321,0.3826382,-88.23479897547297
1322,0.6501653,-98.39385765606455
1323,0.63811356,-109.34127808400262
1324,0.5165944,-120.33641891201894
1325,0.40243888,-130.61993202494938
1326,0.39237142,-139.68993964703571
1327,0.41360623,-147.3813510582134
1328,0.51041925,-153.76898607924167
1329,0.5353461,-159.03557123495193
1330,0.50716025,-163.3836095344573
1331,0.50856286,-166.99518333756296
1332,0.39495614,-69.65400808355533
1333,0.45918807,-72.61797209877616
1334,0.38831225,-76.15279242851567
1335,0.19814521,-80.40455944350576
1336,0.1923109,-85.5517990013439
1337,0.21018621,-91.79595036759322
1338,0.25006568,-99.32561694157624
1339,0.32743526,-108.23479897547297
1340,0.49093887,-118.39385765606454
1341,0.8381105,-129.34127808400262
1342,0.5428658,-140.33641891201896
1343,0.52100366,-150.61993202494938
1344,0.5337468,-159.68993964703571
1345,0.5767899,-167.3813510582134
1346,0.41615286,-173.76898607924167
1347,0.35751766,-179.03557123495193
1348,0.33901238,176.6163904655427
1349,0.35235056,173.004816662437
1350,0.37859675,-89.65400808355533
1351,0.334046,-92.61797209877615
1352,0.33498618,-96.15279242851567
1353,0.35555622,-100.40455944350576
1354,0.43713412,-105.55179900134388
1355,0.6459224,-111.79595036759322
1356,0.5877517,-119.32561694157621
1357,0.573546,-128.23479897547296
1358,0.5904331,-138.39385765606454
1359,0.356552,-149.3412780840026
1360,0.21062694,-160.33641891201896
1361,0.17375001,-170.61993202494938
1362,0.1691509,-179.68993964703571
1363,0.19897813,172.6186489417866
1364,0.2915728,166.23101392075833
1365,0.84031194,160.9644287650481
1366,0.8459935,156.61639046554274
1367,0.5345988,153.00481666243704
1368,0.24923958,-109.65400808355533
1369,0.20087864,-112.61797209877616
1370,0.17166609,-116.15279242851567
1371,0.18783711,-120.40455944350576
1372,0.22792011,-125.5517990013439
1373,0.39914617,-131.79595036759324
1374,0.76032376,-139.32561694157624
1375,0.73616964,-148.23479897547296
1376,0.74164546,-158.39385765606454
1377,0.37585437,-169.34127808400262
1378,0.3229126,179.66358108798107
1379,0.30627742,169.38006797505062
1380,0.3223475,160.3100603529643
1381,0.37322238,152.61864894178657
1382,0.7419383,146.23101392075833
1383,0.73397917,140.96442876504807
1384,0.7534243,136.6163904655427
1385,0.81190264,133.00481666243707
1386,0.55299014,-129.65400808355534
1387,0.59705126,-132.61797209877616
1388,0.90377957,-136.15279242851568
1389,0.88054883,-140.40455944350578
1390,0.36288947,-145.55179900134388
1391,0.21418378,-151.79595036759324
1392,0.17233746,-159.32561694157621
1393,0.16252296,-168.23479897547298
1394,0.18552695,-178.39385765606454
1395,0.24773973,170.65872191599738
1396,0.8377963,159.66358108798104
1397,0.60938126,149.38006797505065
1398,0.53289855,140.31006035296429
1399,0.51644343,132.6186489417866
1400,0.5269809,126.23101392075831
1401,0.5873674,120.96442876504808
1402,0.5451265,116.61639046554272
1403,0.5321033,113.00481666243702
1404,0.37119752,-149.6540080835553
1405,0.47465035,-152.61797209877616
1406,0.84991574,-156.15279242851568
1407,0.81474555,-160.40455944350578
1408,0.81202996,-165.5517990013439
1409,0.41728497,-171.7959503675932
1410,0.344502,-179.32561694157621
1411,0.32076377,171.76520102452704
1412,0.3272234,161.60614234393546
1413,0.36382598,150.6587219159974
1414,0.5341378,139.66358108798107
1415,0.5971246,129.38006797505062
1416,0.5718381,120.3100603529643
1417,0.577302,112.61864894178663
1418,0.6125107,106.23101392075833
1419,0.38970864,100.96442876504811
1420,0.35426757,96.61639046554275
1421,0.34876338,93.00481666243705
1422,0.22106016,-169.6540080835553
1423,0.6723384,-172.61797209877616
1424,0.70919365,-176.15279242851565
1425,0.78787416,179.59544055649422
1426,0.77064914,174.4482009986561
1427,0.6917369,168.20404963240676
1428,0.5281016,160.67438305842376
1429,0.49664676,151.76520102452702
1430,0.4933815,141.60614234393546
1431,0.51981,130.65872191599738
1432,0.6165937,119.66358108798104
1433,0.67830294,109.38006797505064
1434,0.665423,100.31006035296427
1435,0.6939393,92.6186489417866
1436,0.27997065,86.23101392075836
1437,0.20168957,80.96442876504808
1438,0.17568691,76.61639046554272
1439,0.1840137,73.00481666243702
1440,0.80723983,170.34599191644472
1441,0.6350749,167.38202790122384
1442,0.5756247,163.84720757148432
1443,0.54653436,159.5954405564942
1444,0.5382177,154.44820099865612
1445,0.4954964,148.2040496324068
1446,0.35135916,140.67438305842379
1447,0.28557858,131.76520102452704
1448,0.25066176,121.60614234393545
1449,0.23869643,110.65872191599735
1450,0.25075695,99.66358108798106
1451,0.2855148,89.38006797505061
1452,0.19501,80.3100603529643
1453,0.13547474,72.61864894178657
1454,0.10325332,66.23101392075833
1455,0.12412729,60.964428765048055
1456,0.37145808,56.616390465542686
1457,0.8050127,53.004816662437044
1458,0.6175722,150.3459919164447
1459,0.58275455,147.38202790122386
1460,0.5244478,143.84720757148435
1461,0.49358776,139.59544055649422
1462,0.4891225,134.4482009986561
1463,0.5064858,128.20404963240676
1464,0.5464102,120.67438305842377
1465,0.48470947,111.76520102452706
1466,0.44994074,101.60614234393546
1467,0.43788713,90.65872191599738
1468,0.38868237,79.66358108798109
1469,0.18885331,69.38006797505064
1470,0.12110224,60.31006035296432
1471,0.13263164,52.618648941786596
1472,0.20824327,46.2310139207583
1473,0.3651855,40.964428765048076
1474,0.63196725,36.616390465542715
1475,0.6115921,33.004816662437065
1476,0.43089786,130.34599191644466
1477,0.48583093,127.38202790122382
1478,0.47299773,123.8472075714843
1479,0.4422915,119.59544055649425
1480,0.43773934,114.44820099865612
1481,0.4550351,108.20404963240678
1482,0.49509558,100.67438305842374
1483,0.58871675,91.76520102452703
1484,0.6501233,81.60614234393543
1485,0.6380758,70.65872191599739
1486,0.26248112,59.66358108798105
1487,0.23818637,49.38006797505061
1488,0.2563473,40.31006035296429
1489,0.30234542,32.618648941786624
1490,0.3997207,26.231013920758322
1491,0.48701054,20.9644287650481
1492,0.43548393,16.616390465542736
1493,0.4192732,13.004816662437038
1494,0.25551856,110.34599191644467
1495,0.34271994,107.38202790122385
1496,0.57733893,103.84720757148433
1497,0.39491156,99.59544055649422
1498,0.38598716,94.44820099865609
1499,0.4030339,88.20404963240675
1500,0.44345188,80.67438305842376
1501,0.5334915,71.765201024527
1502,0.85010976,61.60614234393546
1503,0.43887487,50.65872191599737
1504,0.40632743,39.66358108798103
1505,0.40576982,29.38006797505063
1506,0.42953938,20.31006035296426
1507,0.47629982,12.618648941786592
1508,0.59136677,6.231013920758346
1509,0.28304765,0.9644287650480724
1510,0.24339806,-3.3836095344572934
1511,0.23492447,-6.995183337562989
1512,0.51757234,90.3459919164447
1513,0.35904172,87.38202790122386
1514,0.33099857,83.84720757148436
1515,0.32633102,79.59544055649424
1516,0.35219574,74.4482009986561
1517,0.43505993,68.20404963240678
1518,0.8674248,60.67438305842378
1519,0.85501146,51.76520102452703
1520,0.31348664,41.60614234393548
1521,0.2250248,30.65872191599739
1522,0.19692098,19.663581087981047
1523,0.20259911,9.38006797505065
1524,0.2405288,0.31006035296428386
1525,0.41467866,-7.381351058213385
1526,0.5821878,-13.768986079241632
1527,0.56204545,-19.035571234951906
1528,0.57016504,-23.38360953445727
1529,0.6165981,-26.995183337562967
1530,1.2749634,70.34599191644467
1531,0.32290715,67.38202790122384
1532,0.24349387,63.847207571484326
1533,0.22315632,59.59544055649422
1534,0.22714211,54.448200998656084
1535,0.26860258,48.20404963240674
1536,0.41155407,40.67438305842376
1537,1.0131438,31.76520102452705
1538,0.44806677,21.606142343935456
1539,0.39608532,10.658721915997361
1540,0.3795492,-0.33641891201892876
1541,0.39487028,-10.619932024949376
1542,0.44345173,-19.689939647035693
1543,0.50366473,-27.38135105821341
1544,0.47297454,-33.768986079241714
1545,0.475194,-39.03557123495193
1546,0.5045629,-43.3836095344573
1547,0.562883,-46.99518333756294
1548,1.0743821,50.345991916444696
1549,1.1035806,47.382027901223864
1550,0.22994095,43.84720757148435
1551,0.18159412,39.59544055649424
1552,0.1607259,34.448200998656105
1553,0.17859031,28.204049632406768
1554,0.22493233,20.674383058423775
1555,0.4455111,11.765201024527077
1556,0.6170564,1.6061423439354772
1557,0.5796947,-9.341278084002616
1558,0.5702577,-20.336418912018907
1559,0.59021014,-30.619932024949353
1560,0.47524366,-39.68993964703567
1561,0.43537107,-47.38135105821339
1562,0.4173829,-53.768986079241685
1563,0.42343724,-59.03557123495191
1564,0.45280656,-63.38360953445728
1565,0.5102739,-66.99518333756292
1566,0.87451506,30.345991916444664
1567,0.9051527,27.382027901223832
1568,0.38861012,23.847207571484322
1569,0.22071144,19.59544055649421
1570,0.1720382,14.448200998656079
1571,0.16114739,8.20404963240674
1572,0.18036452,0.6743830584237481
1573,0.23777018,-8.234798975473003
1574,0.8023389,-18.39385765606455
1575,0.7699528,-29.341278084002646
1576,0.76452196,-40.336418912018985
1577,0.7872949,-50.619932024949385
1578,0.42349467,-59.68993964703575
1579,0.38360336,-67.38135105821341
1580,0.3656172,-73.76898607924167
1581,0.3716732,-79.03557123495195
1582,0.4010449,-83.3836095344573
1583,0.8794161,-86.995183337563
1584,0.67542374,10.345991916444687
1585,0.7084267,7.382027901223857
1586,0.8307103,3.847207571484344
1587,0.39434794,-0.4045594435057679
1588,0.25714824,-5.551799001343898
1589,0.22382034,-11.795950367593239
1590,0.21640204,-19.32561694157623
1591,0.24335684,-28.23479897547298
1592,0.31814188,-38.393857656064526
1593,0.96310043,-49.341278084002624
1594,0.9606991,-60.336418912018964
1595,0.45718998,-70.61993202494936
1596,0.37172133,-79.68993964703573
1597,0.3318426,-87.3813510582134
1598,0.31459633,-93.76898607924164
1599,0.33261445,-99.03557123495197
1600,0.7110289,-103.38360953445734
1601,0.6802745,-106.99518333756298
1602,0.4776047,-9.65400808355529
1603,0.5139507,-12.61797209877612
1604,0.6573559,-16.15279242851563
1605,1.0647242,-20.404559443505747
1606,0.41505596,-25.551799001343877
1607,0.34294897,-31.795950367593214
1608,0.3165834,-39.32561694157621
1609,0.32335377,-48.234798975472955
1610,0.35887513,-58.393857656064505
1611,0.51817465,-69.3412780840026
1612,0.58265465,-80.33641891201894
1613,0.40198317,-90.61993202494934
1614,0.3325422,-99.6899396470357
1615,0.31562945,-107.38135105821343
1616,0.3383401,-113.76898607924161
1617,0.5702028,-119.03557123495195
1618,0.5110976,-123.3836095344573
1619,0.48136142,-126.99518333756295
1620,0.28252777,-24.65241320813366
1621,0.32459977,-27.28868758628422
1622,0.49356848,-30.496713006878945
1623,0.99639404,-34.45668179287979
1624,1.0043049,-39.413144219309174
1625,0.4935684,-45.68609410082128
1626,0.45698217,-53.653790025488505
1627,0.4485671,-63.650883199081825
1628,0.4696165,-75.70626879561546
1629,0.5347155,-89.18286327401913
1630,0.5147169,-102.74880100801595
1631,0.4067309,-115.02187241361368
1632,0.38695136,-125.27139089255557
1633,0.41077423,-133.46510301002215
1634,0.5327794,-139.91870346881885
1635,0.4123159,-145.01309371008935
1636,0.31119013,-149.0770505177378
1637,0.28324005,-152.36373169949712
1638,0.7706496,-44.65241320813369
1639,0.8070141,-47.2886875862842
1640,0.7416392,-50.49671300687895
1641,0.6900545,-54.45668179287976
1642,0.67004645,-59.4131442193092
1643,0.46797472,-65.6860941008213
1644,0.33207828,-73.65379002548852
1645,0.26477,-83.65088319908183
1646,0.22733107,-95.70626879561546
1647,0.21950294,-109.18286327401913
1648,0.22990552,-122.74880100801593
1649,0.2646553,-135.02187241361366
1650,0.14930102,-145.27139089255556
1651,0.10169804,-153.46510301002215
1652,0.06739829,-159.91870346881888
1653,0.066589475,-165.01309371008935
1654,0.25347963,-169.0770505177378
1655,0.8220273,-172.36373169949715
1656,0.5769343,-64.65241320813367
1657,0.5965658,-67.2886875862842
1658,0.663466,-70.49671300687895
1659,0.63807267,-74.45668179287978
1660,0.6321971,-79.41314421930917
1661,0.64641714,-85.68609410082128
1662,0.5849969,-93.6537900254885
1663,0.5299742,-103.65088319908183
1664,0.4976027,-115.70626879561546
1665,0.4877305,-129.18286327401913
1666,0.1702427,-142.74880100801593
1667,0.052988186,-155.0218724136137
1668,0.073398426,-165.2713908925556
1669,0.11832252,-173.46510301002215
1670,0.19496301,-179.91870346881888
1671,0.37702838,174.98690628991065
1672,0.55493367,170.9229494822622
1673,0.52667314,167.63626830050282
1674,0.3703411,-84.65241320813367
1675,0.40261272,-87.2886875862842
1676,0.48837227,-90.49671300687893
1677,0.6365121,-94.45668179287978
1678,0.62979573,-99.41314421930919
1679,0.6478809,-105.68609410082128
1680,0.6877479,-113.6537900254885
1681,0.68524957,-123.65088319908183
1682,0.6504806,-135.70626879561544
1683,0.15754454,-149.18286327401913
1684,0.13316846,-162.74880100801593
1685,0.13303299,-175.02187241361366
1686,0.15681304,174.7286091074444
1687,0.20251691,166.53489698997785
1688,0.2897318,160.08129653118112
1689,0.46978799,154.98690628991068
1690,0.41758466,150.92294948226223
1691,0.38224316,147.63626830050285
1692,0.17329831,-104.65241320813367
1693,0.21085857,-107.28868758628421
1694,0.3051535,-110.49671300687895
1695,0.594952,-114.45668179287978
1696,0.58020055,-119.41314421930919
1697,0.5962194,-125.6860941008213
1698,0.6361134,-133.65379002548852
1699,0.7391889,-143.65088319908185
1700,0.652586,-155.70626879561547
1701,0.32988593,-169.18286327401913
1702,0.3061095,177.2511989919841
1703,0.30610612,164.9781275863863
1704,0.32987478,154.72860910744444
1705,0.3762033,146.53489698997782
1706,0.4810921,140.08129653118115
1707,0.35580578,134.98690628991065
1708,0.21818438,130.9229494822622
1709,0.18242618,127.63626830050288
1710,0.55135417,-124.65241320813367
1711,0.54358,-127.28868758628421
1712,0.50323606,-130.49671300687893
1713,0.4923988,-134.45668179287978
1714,0.50697356,-139.41314421930917
1715,0.5545156,-145.6860941008213
1716,1.0017583,-153.65379002548852
1717,0.27123436,-163.65088319908185
1718,0.17011829,-175.70626879561547
1719,0.1376075,170.81713672598087
1720,0.1393747,157.25119899198407
1721,0.17520703,144.97812758638634
1722,0.295526,134.7286091074444
1723,1.2850639,126.53489698997787
1724,0.47991398,120.08129653118112
1725,0.4103526,114.98690628991066
1726,0.40418226,110.92294948226221
1727,0.43176854,107.63626830050285
1728,0.49035934,-144.65241320813368
1729,0.57540226,-147.2886875862842
1730,0.43709764,-150.49671300687893
1731,0.41144115,-154.45668179287978
1732,0.4118037,-159.4131442193092
1733,0.4396203,-165.6860941008213
1734,0.54956234,-173.65379002548852
1735,0.454416,176.34911680091815
1736,0.36069977,164.29373120438456
1737,0.33478343,150.8171367259809
1738,0.34018788,137.25119899198407
1739,0.37581503,124.97812758638631
1740,1.307945,114.72860910744444
1741,0.53311664,106.53489698997788
1742,0.2979816,100.08129653118115
1743,0.2857375,94.98690628991064
1744,0.31157255,90.92294948226224
1745,0.36670172,87.63626830050288
1746,1.0653297,-164.65241320813365
1747,1.0846838,-167.28868758628423
1748,0.43539146,-170.49671300687893
1749,0.3804617,-174.45668179287978
1750,0.3633083,-179.41314421930917
1751,0.37357357,174.31390589917874
1752,0.41300637,166.3462099745115
1753,0.640673,156.34911680091818
1754,0.555786,144.29373120438453
1755,0.53320855,130.81713672598087
1756,0.5403805,117.25119899198405
1757,0.57580614,104.97812758638634
1758,1.3079447,94.72860910744446
1759,0.24237953,86.53489698997785
1760,0.22438438,80.08129653118117
1761,0.23043871,74.98690628991066
1762,0.25981227,70.92294948226221
1763,0.31408066,67.63626830050285
1764,0.86418223,175.34758679186632
1765,0.8830528,172.7113124137158
1766,0.6425384,169.5032869931211
1767,0.40592706,165.5433182071202
1768,0.37156337,160.5868557806908
1769,0.3606144,154.3139058991787
1770,0.3822434,146.34620997451148
1771,0.44636568,136.34911680091815
1772,0.75275457,124.29373120438456
1773,0.7323813,110.81713672598089
1774,0.7405895,97.25119899198407
1775,0.30657637,84.97812758638635
1776,0.23049723,74.72860910744443
1777,0.19061016,66.53489698997782
1778,0.17261682,60.081296531181145
1779,0.17867187,54.986906289910685
1780,0.20804559,50.92294948226218
1781,0.88275975,47.63626830050287
1782,0.66285926,155.34758679186635
1783,0.6816957,152.71131241371577
1784,0.7104593,149.50328699312107
1785,0.5379619,145.54331820712022
1786,0.43162242,140.58685578069083
1787,0.4057085,134.31390589917874
1788,0.40723768,126.3462099745115
1789,0.43904036,116.34911680091818
1790,0.577418,104.29373120438453
1791,0.93074864,90.81713672598086
1792,0.3988064,77.25119899198405
1793,0.25253177,64.97812758638632
1794,0.17996462,54.728609107444406
1795,0.1407363,46.53489698997785
1796,0.12257642,40.08129653118112
1797,0.13399139,34.98690628991066
1798,0.5907161,30.922949482262204
1799,0.6844854,27.63626830050289
1800,0.4617826,135.34758679186632
1801,0.4804271,132.7113124137158
1802,0.512728,129.50328699312104
1803,1.2040715,125.54331820712024
1804,0.5461137,120.5868557806908
1805,0.49792427,114.31390589917869
1806,0.48627633,106.34620997451147
1807,0.5007442,96.34911680091815
1808,0.5481671,84.29373120438454
1809,1.1316794,70.81713672598089
1810,0.32943487,57.25119899198407
1811,0.19614466,44.9781275863863
1812,0.1324159,34.72860910744443
1813,0.12802166,26.53489698997787
1814,0.21078955,20.081296531181138
1815,0.4647629,14.986906289910626
1816,0.54855406,10.92294948226223
1817,0.48548037,7.636268300502862
1818,0.26083186,115.34758679186633
1819,0.27894545,112.71131241371577
1820,0.31577253,109.50328699312105
1821,0.9974767,105.54331820712021
1822,0.74115175,100.58685578069083
1823,0.62420607,94.31390589917872
1824,0.59963036,86.3462099745115
1825,0.60199106,76.34911680091817
1826,0.6327805,64.29373120438451
1827,0.54364765,50.81713672598086
1828,0.26435292,37.25119899198404
1829,0.23232321,24.978127586386318
1830,0.24180341,14.72860910744445
1831,0.3051227,6.5348969899778435
1832,0.4635116,0.0812965311811601
1833,0.8599758,-5.0130937100893505
1834,0.3583585,-9.0770505177378
1835,0.28945115,-12.363731699497167
1836,0.1818163,95.34758679186636
1837,0.19159503,92.7113124137158
1838,0.21519856,89.50328699312107
1839,0.33813924,85.54331820712022
1840,0.77756894,80.58685578069084
1841,0.7893178,74.31390589917874
1842,0.82959616,66.34620997451151
1843,0.37044495,56.349116800918196
1844,0.27572832,44.29373120438454
1845,0.22983357,30.817136725980884
1846,0.20605612,17.251198991984065
1847,0.20605245,4.978127586386342
1848,0.2298235,-5.271390892555527
1849,0.27571702,-13.465103010022133
1850,0.37039,-19.918703468818816
1851,0.5737447,-25.01309371008933
1852,0.33400875,-29.077050517737778
1853,0.2174756,-32.363731699497144
1854,0.32744497,75.34758679186633
1855,0.56547016,72.71131241371577
1856,0.69110376,69.50328699312104
1857,0.6749167,65.5433182071202
1858,0.6816249,60.58685578069081
1859,0.7161624,54.313905899178714
1860,0.2803474,46.34620997451149
1861,0.1754919,36.34911680091817
1862,0.1427288,24.293731204384514
1863,0.14388627,10.817136725980854
1864,0.17907858,-2.7488010080159637
1865,0.29753655,-15.021872413613686
1866,1.1077291,-25.271390892555605
1867,1.083901,-33.46510301002216
1868,0.5601933,-39.9187034688189
1869,0.3339568,-45.01309371008936
1870,0.2837554,-49.0770505177378
1871,0.2820248,-52.36373169949712
1872,0.26652145,55.347586791866355
1873,0.47836098,52.71131241371579
1874,0.65566283,49.503286993121066
1875,0.5972986,45.54331820712022
1876,0.60490876,40.58685578069084
1877,0.6174099,34.313905899178735
1878,0.58266485,26.34620997451151
1879,0.37551835,16.34911680091819
1880,0.34199715,4.293731204384538
1881,0.33851212,-9.182863274019123
1882,0.36582407,-22.748801008015942
1883,0.4717006,-35.021872413613664
1884,1.1118405,-45.27139089255558
1885,1.0880986,-53.46510301002214
1886,0.25539595,-59.918703468818876
1887,0.1325908,-65.01309371008934
1888,0.12611057,-69.07705051773779
1889,0.17422096,-72.3637316994971
1890,0.32065085,35.34758679186633
1891,0.30811068,32.71131241371576
1892,0.32803497,29.503286993121037
1893,0.38398805,25.543318207120194
1894,0.8347317,20.586855780690808
1895,0.7803193,14.313905899178707
1896,0.7621961,6.34620997451148
1897,0.77235276,-3.6508831990818407
1898,0.80890137,-15.70626879561549
1899,0.15210931,-29.18286327401915
1900,0.119935736,-42.74880100801597
1901,0.13773291,-55.02187241361369
1902,0.17761426,-65.27139089255556
1903,0.25029057,-73.46510301002216
1904,0.39702886,-79.91870346881885
1905,0.6989782,-85.01309371008936
1906,0.7007539,-89.07705051773782
1907,0.3672975,-92.36373169949718
1908,0.21439894,15.347586791866346
1909,0.24454446,12.711312413715785
1910,0.66834164,9.50328699312106
1911,0.86120725,5.543318207120216
1912,0.849711,0.5868557806908311
1913,0.41963282,-5.686094100821271
1914,0.25010657,-13.653790025488497
1915,0.21575283,-23.650883199081818
1916,0.21219528,-35.706268795615465
1917,0.24177946,-49.18286327401913
1918,0.34149873,-62.748801008015946
1919,0.9571071,-75.02187241361366
1920,0.9082475,-85.27139089255554
1921,0.8844632,-93.46510301002215
1922,0.88446146,-99.91870346881883
1923,0.3888097,-105.01309371008934
1924,0.27701223,-109.07705051773773
1925,0.22478776,-112.36373169949715
1926,0.04269694,-4.652413208133631
1927,0.17077863,-7.288687586284192
1928,0.4933734,-10.496713006878917
1929,0.7980959,-14.456681792879762
1930,0.8016715,-19.413144219309146
1931,0.8081582,-25.686094100821247
1932,0.4132076,-33.653790025488476
1933,0.35826766,-43.6508831990818
1934,0.34446383,-55.70626879561544
1935,0.36265057,-69.18286327401911
1936,0.42415377,-82.74880100801592
1937,0.9689148,-95.02187241361365
1938,0.91980165,-105.27139089255552
1939,0.897252,-113.46510301002208
1940,0.408037,-119.9187034688188
1941,0.22145715,-125.01309371008932
1942,0.14111477,-129.07705051773772
1943,0.08842265,-132.36373169949712
1944,0.30383345,-19.216457123986046
1945,0.2503941,-21.395654289941792
1946,0.23292106,-24.099475911654615
1947,0.2478184,-27.525498059499455
1948,0.29879448,-31.969842515219487
1949,1.061071,-37.87908754132467
1950,1.0407306,-45.90677722170196
1951,1.0475271,-56.88954362944849
1952,0.29583862,-71.45516422566072
1953,0.26645947,-88.92414086353473
1954,0.26040143,-106.58914698248192
1955,0.27839413,-121.57458859905859
1956,0.3182787,-132.96209814349953
1957,0.8838827,-141.29465183246177
1958,0.44499087,-147.41654195163952
1959,0.41816834,-152.00771661298944
1960,0.42399004,-155.53664320113165
1961,0.460687,-158.31425539668876
1962,0.4426856,-39.21645712398605
1963,0.4298913,-41.395654289941795
1964,0.4632365,-44.099475911654615
1965,1.1288537,-47.52549805949948
1966,0.29949093,-51.96984251521949
1967,0.21805763,-57.879087541324644
1968,0.18661731,-65.90677722170196
1969,0.19290233,-76.88954362944848
1970,0.23104377,-91.45516422566072
1971,0.40510455,-108.92414086353473
1972,0.87237155,-126.5891469824819
1973,0.75604296,-141.5745885990586
1974,0.7080416,-152.96209814349953
1975,0.6842788,-161.29465183246177
1976,0.68427825,-167.41654195163952
1977,0.70803684,-172.00771661298944
1978,0.5290984,-175.53664320113168
1979,0.47131777,-178.31425539668876
1980,0.24807873,-59.21645712398605
1981,0.24204108,-61.395654289941795
1982,0.26404795,-64.09947591165462
1983,1.0431658,-67.52549805949945
1984,1.0444862,-71.96984251521948
1985,0.3814015,-77.87908754132465
1986,0.33471575,-85.90677722170197
1987,0.32099077,-96.88954362944848
1988,0.33928585,-111.45516422566071
1989,0.3968688,-128.92414086353472
1990,0.8994774,-146.5891469824819
1991,0.7559354,-161.5745885990586
1992,0.7079219,-172.96209814349953
1993,0.68416244,178.70534816753823
1994,0.6841596,172.58345804836046
1995,0.45295244,167.9922833870106
1996,0.33327875,164.4633567988683
1997,0.2786857,161.68574460331126
1998,0.5967861,-79.21645712398606
1999,0.42593357,-81.3956542899418
2000,0.38525975,-84.09947591165462
2001,0.3831039,-87.52549805949945
2002,0.41092724,-91.96984251521947
2003,0.53737086,-97.87908754132465
2004,0.4120119,-105.90677722170197
2005,0.29736987,-116.88954362944847
2006,0.24336025,-131.45516422566072
2007,0.21398218,-148.92414086353472
2008,0.2079234,-166.5891469824819
2009,0.22591518,178.4254114009414
2010,0.7082108,167.0379018565005
2011,0.68444425,158.7053481675382
2012,0.3744151,152.58345804836048
2013,0.2856121,147.99228338701056
2014,0.2694772,144.46335679886832
2015,0.28982562,141.68574460331124
2016,0.46023342,-99.21645712398606
2017,0.36371756,-101.3956542899418
2018,0.28542137,-104.09947591165462
2019,0.26660764,-107.52549805949947
2020,0.27607143,-111.96984251521947
2021,0.31862432,-117.87908754132465
2022,1.3180234,-125.90677722170197
2023,0.49607036,-136.88954362944847
2024,0.43883622,-151.45516422566072
2025,0.40937063,-168.92414086353472
2026,0.40340135,173.41085301751806
2027,0.42453295,158.42541140094139
2028,0.70790595,147.03790185650047
2029,0.6841304,138.70534816753823
2030,0.16163868,132.58345804836048
2031,0.1380848,127.99228338701057
2032,0.15783209,124.46335679886835
2033,0.4736219,121.68574460331125
2034,0.971533,-119.21645712398606
2035,1.0621006,-121.3956542899418
2036,0.33151165,-124.09947591165462
2037,0.3004454,-127.52549805949947
2038,0.29314446,-131.96984251521948
2039,0.3271177,-137.87908754132465
2040,0.41908133,-145.906777221702
2041,0.42169765,-156.88954362944847
2042,0.32213175,-171.45516422566072
2043,0.27605563,171.07585913646525
2044,0.2522748,153.41085301751806
2045,0.25227475,138.4254114009414
2046,0.2760525,127.03790185650048
2047,0.4842788,118.7053481675382
2048,0.48428082,112.58345804836047
2049,0.5080607,107.99228338701054
2050,0.5551584,104.46335679886832
2051,0.67828417,101.68574460331122
2052,0.87942487,-139.21645712398603
2053,0.8733886,-141.39565428994177
2054,0.39237207,-144.0994759116546
2055,0.29195487,-147.52549805949948
2056,0.26189712,-151.96984251521948
2057,0.2656287,-157.87908754132462
2058,0.29919675,-165.90677722170196
2059,0.45961073,-176.88954362944847
2060,0.49608555,168.54483577433928
2061,0.44920608,151.07585913646528
2062,0.42543355,133.41085301751806
2063,0.42576995,118.42541140094144
2064,0.45675153,107.03790185650045
2065,0.48414063,98.70534816753823
2066,0.48414138,92.58345804836048
2067,0.50790995,87.99228338701057
2068,0.5550248,84.46335679886835
2069,0.67811847,81.68574460331125
2070,0.68622696,-159.21645712398603
2071,0.68019503,-161.39565428994177
2072,0.7002267,-164.09947591165462
2073,0.37805194,-167.52549805949945
2074,0.3045684,-171.96984251521948
2075,0.28246337,-177.87908754132465
2076,0.2915597,174.09322277829804
2077,0.33267248,163.11045637055153
2078,0.6700735,148.5448357743393
2079,0.62240124,131.07585913646525
2080,0.60068214,113.4108530175181
2081,0.55500925,98.42541140094141
2082,0.5079127,87.03790185650048
2083,0.4841353,78.70534816753825
2084,0.48413983,72.58345804836046
2085,0.5079157,67.9922833870106
2086,0.5550268,64.46335679886832
2087,0.6781402,61.68574460331127
2088,0.49303254,-179.21645712398603
2089,0.4869966,178.6043457100582
2090,0.5072259,175.9005240883454
2091,0.54700357,172.47450194050052
2092,0.4111558,168.03015748478052
2093,0.36796007,162.12091245867535
2094,0.354277,154.093222778298
2095,0.37338194,143.1104563705515
2096,0.432966,128.54483577433928
2097,0.8007186,111.07585913646528
2098,0.67815745,93.41085301751806
2099,0.5550414,78.42541140094139
2100,0.507925,67.0379018565005
2101,0.4841503,58.705348167538226
2102,0.48415253,52.583458048360484
2103,0.50792974,47.992283387010566
2104,0.5550569,44.46335679886834
2105,0.5235884,41.68574460331124
2106,0.29983413,160.78354287601394
2107,0.2937992,158.60434571005823
2108,0.31404033,155.90052408834538
2109,0.3538128,152.47450194050055
2110,0.6398039,148.03015748478055
2111,0.49830887,142.12091245867532
2112,0.46871135,134.09322277829804
2113,0.47075716,123.11045637055152
2114,0.50113165,108.54483577433929
2115,0.69628805,91.07585913646525
2116,0.6781374,73.4108530175181
2117,0.55502135,58.425411400941414
2118,0.5079286,47.03790185650047
2119,0.48414811,38.7053481675382
2120,0.48414776,32.583458048360505
2121,0.50792986,27.992283387010538
2122,0.38584748,24.46335679886836
2123,0.33039823,21.685744603311214
2124,0.106639944,140.7835428760139
2125,0.10060095,138.6043457100582
2126,0.12084987,135.90052408834535
2127,0.163632,132.47450194050052
2128,0.23674136,128.03015748478052
2129,0.64865285,122.12091245867535
2130,0.60738903,114.09322277829801
2131,0.59899914,103.11045637055153
2132,0.61524415,88.54483577433926
2133,0.6775175,71.07585913646528
2134,0.677402,53.410853017518065
2135,0.5543537,38.425411400941435
2136,0.5071828,27.037901856500444
2137,0.48327446,18.70534816753822
2138,0.48324195,12.583458048360477
2139,0.507123,7.992283387010561
2140,0.20604834,4.463356798868332
2141,0.154345,1.685744603311237
2142,0.18843982,120.78354287601394
2143,0.6083425,118.60434571005818
2144,0.55770105,115.90052408834538
2145,0.54650855,112.47450194050055
2146,0.56319606,108.03015748478053
2147,0.6189058,102.12091245867532
2148,0.34633937,94.09322277829803
2149,0.23975758,83.1104563705515
2150,0.18668622,68.54483577433929
2151,0.16623376,51.075859136465255
2152,0.19446519,33.410853017518086
2153,0.5561354,18.425411400941407
2154,0.5090041,7.037901856500466
2155,0.48522854,-1.2946518324617569
2156,0.48522934,-7.416541951639552
2157,0.284309,-12.007716612989416
2158,0.1851007,-15.536643201131696
2159,0.16824351,-18.31425539668874
2160,0.6851898,100.78354287601397
2161,0.6819729,98.6043457100582
2162,0.5765253,95.9005240883454
2163,0.5421715,92.47450194050056
2164,0.54536283,88.03015748478056
2165,0.5560023,82.12091245867535
2166,0.3446378,74.09322277829806
2167,0.19340873,63.11045637055153
2168,0.12941211,48.54483577433931
2169,0.0961433,31.075859136465272
2170,0.07375898,13.410853017518107
2171,0.07725431,-1.5745885990585715
2172,0.32347167,-12.962098143499512
2173,0.3012113,-21.294651832461735
2174,0.3005566,-27.41654195163953
2175,0.32422933,-32.00771661298939
2176,0.37059852,-35.536643201131675
2177,0.47319552,-38.314255396688715
2178,0.67964756,80.78354287601394
2179,1.1072886,78.60434571005817
2180,0.579789,75.90052408834538
2181,0.49330673,72.47450194050053
2182,0.487881,68.03015748478053
2183,0.5070977,62.12091245867532
2184,0.51418567,54.09322277829803
2185,0.32407558,43.1104563705515
2186,0.23367023,28.544835774339283
2187,0.18795973,11.075859136465246
2188,0.16689941,-6.58914698248192
2189,0.19181375,-21.5745885990586
2190,0.30539963,-32.96209814349954
2191,0.28162557,-41.29465183246182
2192,0.2816312,-47.41654195163951
2193,0.30541903,-52.00771661298947
2194,0.35164633,-55.53664320113165
2195,0.45405376,-58.31425539668879
2196,0.6849449,60.78354287601396
2197,0.9254635,58.6043457100582
2198,0.67521465,55.9005240883454
2199,0.48856163,52.47450194050056
2200,0.46501237,48.03015748478055
2201,0.46664965,42.12091245867534
2202,0.49814,34.09322277829805
2203,0.50231266,23.110456370551525
2204,0.39544982,8.544835774339305
2205,0.35363728,-8.924140863534731
2206,0.34655914,-26.589146982481896
2207,0.3535536,-41.57458859905858
2208,0.30731532,-52.96209814349952
2209,0.28354,-61.29465183246179
2210,0.28354374,-67.41654195163949
2211,0.307324,-72.00771661298946
2212,0.35357052,-75.53664320113162
2213,0.45618477,-78.31425539668878
2214,0.6848002,40.78354287601393
2215,0.73196924,38.60434571005817
2216,0.7528241,35.90052408834537
2217,0.54697835,32.47450194050053
2218,0.50124305,28.030157484780524
2219,0.47733742,22.120912458675313
2220,0.4924039,14.09322277829802
2221,0.53638375,3.1104563705514967
2222,0.5754401,-11.455164225660724
2223,0.5445495,-28.92414086353476
2224,0.45676062,-46.58914698248193
2225,0.3541113,-61.57458859905861
2226,0.30786273,-72.96209814349955
2227,0.28408974,-81.29465183246177
2228,0.2840976,-87.41654195163956
2229,0.30787888,-92.00771661298943
2230,0.35412028,-95.53664320113171
2231,0.4567957,-98.31425539668875
2232,0.5447804,20.783542876013957
2233,0.5387477,18.60434571005819
2234,0.5596382,15.90052408834539
2235,0.59736717,12.474501940500552
2236,0.5837052,8.030157484780545
2237,0.5409255,2.120912458675336
2238,0.5394713,-5.906777221701956
2239,0.5644085,-16.889543629448482
2240,0.6802313,-31.4551642256607
2241,0.6848154,-48.92414086353474
2242,0.45675215,-66.5891469824819
2243,0.35409695,-81.57458859905859
2244,0.3078512,-92.96209814349952
2245,0.28407985,-101.29465183246174
2246,0.284084,-107.41654195163954
2247,0.30787006,-112.0077166129894
2248,0.35410997,-115.53664320113168
2249,0.45678598,-118.31425539668872
2250,0.35158578,0.7835428760139805
2251,0.345549,-1.3956542899417876
2252,0.3658201,-4.0994759116545865
2253,0.40291923,-7.525498059499425
2254,0.49304643,-11.969842515219431
2255,0.6489244,-17.87908754132464
2256,0.630744,-25.906777221701933
2257,0.64192134,-36.88954362944846
2258,0.68001604,-51.45516422566068
2259,0.68389004,-68.92414086353472
2260,0.45605674,-86.58914698248188
2261,0.3534593,-101.57458859905852
2262,0.30722454,-112.9620981434995
2263,0.28344908,-121.29465183246172
2264,0.2834534,-127.41654195163952
2265,0.30724204,-132.00771661298938
2266,0.35348272,-135.53664320113165
2267,0.3862022,-138.3142553966887
2268,0.16446163,-13.396829840429756
2269,0.15237641,-14.988173116064914
2270,0.17262629,-16.99595759030266
2271,0.20970915,-19.60067405512448
2272,0.28681335,-23.097371476467803
2273,0.44031796,-27.992647927182194
2274,0.754184,-35.195013134430546
2275,0.7533098,-46.336704243210214
2276,0.7804644,-63.85175821872957
2277,0.683875,-88.4257382004744
2278,0.45603403,-113.55592539580852
2279,0.353428,-131.96916232934262
2280,0.3071911,-143.73113002959062
2281,0.28341737,-151.2974297575984
2282,0.28342384,-156.4081682874552
2283,0.30721194,-160.0386567110243
2284,0.35345247,-162.73076235439552
2285,0.45606852,-164.79825591835757
2286,0.32783806,-33.39682984042973
2287,0.33435118,-34.98817311606494
2288,0.4063907,-36.99595759030266
2289,0.8249638,-39.60067405512448
2290,0.57572,-43.097371476467806
2291,0.20966066,-47.9926479271822
2292,0.08781363,-55.195013134430525
2293,0.093480416,-66.3367042432102
2294,0.14504287,-83.85175821872959
2295,0.23841175,-108.4257382004744
2296,0.43599218,-133.55592539580852
2297,0.34003726,-151.96916232934262
2298,0.2939952,-163.73113002959062
2299,0.2701993,-171.2974297575984
2300,0.26788136,-176.4081682874552
2301,0.29177585,179.96134328897568
2302,0.33810604,177.26923764560448
2303,0.34812793,175.2017440816424
2304,0.13298069,-53.39682984042976
2305,0.14190501,-54.98817311606492
2306,0.23529099,-56.995957590302666
2307,0.7113126,-59.600674055124486
2308,0.72539973,-63.097371476467806
2309,0.5070643,-67.9926479271822
2310,0.29458952,-75.19501313443054
2311,0.23718934,-86.33670424321019
2312,0.23525262,-103.85175821872957
2313,0.28928617,-128.4257382004744
2314,0.45609608,-153.55592539580852
2315,0.35349914,-171.96916232934262
2316,0.30720943,176.26886997040938
2317,0.2834879,168.7025702424016
2318,0.28348443,163.5918317125448
2319,0.30727032,159.9613432889757
2320,0.35350695,157.26923764560445
2321,0.16086121,155.20174408164243
2322,0.40060252,-73.39682984042973
2323,0.56890744,-74.98817311606493
2324,0.8795119,-76.99595759030265
2325,0.8703667,-79.60067405512449
2326,0.8884971,-83.0973714764678
2327,0.9481853,-87.9926479271822
2328,0.9564909,-95.19501313443052
2329,0.8776205,-106.33670424321019
2330,0.66362935,-123.85175821872959
2331,0.2867828,-148.4257382004744
2332,0.12339506,-173.55592539580852
2333,0.049963098,168.03083767065738
2334,0.011034498,156.2688699704094
2335,inf,148.70257024240163
2336,inf,143.59183171254483
2337,inf,139.9613432889757
2338,0.024026895,137.26923764560448
2339,0.08394549,135.20174408164246
2340,0.38731614,-93.39682984042975
2341,0.8100207,-94.98817311606493
2342,0.7650176,-96.99595759030265
2343,0.74372756,-99.60067405512449
2344,0.7563118,-103.0973714764678
2345,0.45768505,-107.9926479271822
2346,0.19820413,-115.19501313443052
2347,0.07182564,-126.33670424321019
2348,0.040065624,-143.85175821872957
2349,0.0829964,-168.42573820047437
2350,0.17916015,166.4440746041915
2351,0.15415892,148.03083767065738
2352,0.10307441,136.26886997040938
2353,0.08124572,128.7025702424016
2354,0.0815835,123.59183171254479
2355,0.105428696,119.9613432889757
2356,0.15035889,117.26923764560445
2357,0.22914118,115.20174408164243
2358,0.4116793,-113.39682984042975
2359,0.87654203,-114.98817311606493
2360,0.72419816,-116.99595759030267
2361,0.67750794,-119.60067405512449
2362,0.66422284,-123.09737147646779
2363,0.6805157,-127.9926479271822
2364,0.37181222,-135.19501313443052
2365,0.2133494,-146.3367042432102
2366,0.14303204,-163.8517582187296
2367,0.13742945,171.5742617995256
2368,0.20634122,146.44407460419148
2369,0.18314393,128.03083767065735
2370,0.13745107,116.2688699704094
2371,0.1138433,108.70257024240162
2372,0.11369753,103.59183171254482
2373,0.13747779,99.96134328897571
2374,0.18316476,97.26923764560448
2375,0.2684068,95.20174408164246
2376,0.40332305,-133.39682984042975
2377,0.84834534,-134.98817311606493
2378,0.92915666,-136.99595759030265
2379,0.68072945,-139.60067405512447
2380,0.6553483,-143.0973714764678
2381,0.67183596,-147.9926479271822
2382,0.6059766,-155.19501313443052
2383,0.39621013,-166.33670424321016
2384,0.34018973,176.1482417812704
2385,0.33202326,151.5742617995256
2386,0.25259817,126.4440746041915
2387,0.17345682,108.03083767065738
2388,0.12817697,96.26886997040937
2389,0.104239784,88.70257024240163
2390,0.10402739,83.59183171254479
2391,0.12782979,79.96134328897568
2392,0.17348814,77.2692376456045
2393,0.25772935,75.20174408164243
2394,0.4055998,-153.39682984042975
2395,0.7825841,-154.9881731160649
2396,0.7940012,-156.99595759030265
2397,0.7179519,-159.60067405512447
2398,0.68046606,-163.0973714764678
2399,0.66035265,-167.9926479271822
2400,0.6809071,-175.19501313443052
2401,0.58798814,173.6632957567898
2402,0.5386648,156.14824178127043
2403,0.4250291,131.57426179952563
2404,0.25574127,106.44407460419147
2405,0.1751336,88.03083767065735
2406,0.12995835,76.26886997040938
2407,0.10604459,68.7025702424016
2408,0.10579159,63.59183171254481
2409,0.12967105,59.96134328897571
2410,0.17530812,57.26923764560447
2411,0.259732,55.201744081642445
2412,0.40521723,-173.39682984042975
2413,0.59195423,-174.98817311606493
2414,0.600638,-176.99595759030265
2415,0.647727,-179.60067405512447
2416,0.74527985,176.90262852353223
2417,0.7126072,172.0073520728178
2418,0.7177988,164.80498686556942
2419,0.7472434,153.6632957567898
2420,0.7422027,136.1482417812704
2421,0.42453757,111.5742617995256
2422,0.25538367,86.4440746041915
2423,0.17484361,68.03083767065738
2424,0.12967287,56.26886997040941
2425,0.10575614,48.702570242401585
2426,0.105499625,43.59183171254483
2427,0.12938017,39.96134328897573
2428,0.17502327,37.26923764560444
2429,0.25942096,35.201744081642474
2430,0.40531433,166.60317015957025
2431,0.41049305,165.01182688393507
2432,0.4091113,163.00404240969738
2433,0.45451626,160.39932594487553
2434,0.5450784,156.9026285235322
2435,0.80045515,152.00735207281778
2436,0.79393774,144.80498686556945
2437,0.8097157,133.66329575678978
2438,0.8668154,116.14824178127043
2439,0.4247085,91.57426179952557
2440,0.2555211,66.44407460419147
2441,0.17492794,48.0308376706574
2442,0.12975198,36.26886997040938
2443,0.10583772,28.702570242401602
2444,0.10558109,23.591831712544803
2445,0.1294618,19.961343288975705
2446,0.1751027,17.269237645604466
2447,0.2595032,15.201744081642444
2448,0.40534055,146.60317015957023
2449,0.25894973,145.01182688393504
2450,0.23178734,143.00404240969735
2451,0.26311877,140.3993259448755
2452,0.33900118,136.90262852353217
2453,0.5081008,132.0073520728178
2454,0.8996228,124.80498686556948
2455,0.90446734,113.66329575678981
2456,0.8668024,96.1482417812704
2457,0.42477673,71.5742617995256
2458,0.25556675,46.44407460419149
2459,0.174947,28.030837670657373
2460,0.12977237,16.268869970409355
2461,0.105855614,8.702570242401627
2462,0.10560049,3.5918317125447734
2463,0.12947924,-0.03865671102432303
2464,0.17512006,-2.7307623543955124
2465,0.25952578,-4.798255918357585
2466,0.40536192,126.60317015957024
2467,0.27746347,125.01182688393509
2468,0.14297548,123.0040424096973
2469,0.1075331,120.39932594487551
2470,0.13532396,116.90262852353219
2471,0.25629282,112.00735207281777
2472,0.5305777,104.80498686556945
2473,1.0238452,93.66329575678978
2474,0.86892295,76.14824178127043
2475,0.4266897,51.57426179952562
2476,0.256253,26.44407460419146
2477,0.17516991,8.030837670657343
2478,0.13049759,-3.731130029590621
2479,0.106623575,-11.297429757598401
2480,0.10634799,-16.408168287455204
2481,0.12808856,-20.0386567110243
2482,0.17439263,-22.73076235439554
2483,0.25872812,-24.79825591835756
2484,0.40554202,106.60317015957025
2485,0.34509015,105.0118268839351
2486,0.20392972,103.00404240969733
2487,0.14235,100.39932594487554
2488,0.10180295,96.90262852353221
2489,0.08420994,92.0073520728178
2490,0.13967581,84.80498686556948
2491,1.1697098,73.66329575678981
2492,0.8400371,56.14824178127044
2493,0.39635503,31.574261799525647
2494,0.24149223,6.444074604191483
2495,0.16549304,-11.969162329342634
2496,0.11315319,-23.7311300295906
2497,0.084285334,-31.29742975759838
2498,0.08505033,-36.40816828745518
2499,0.10883159,-40.03865671102428
2500,0.15274535,-42.730762354395516
2501,0.23179345,-44.79825591835754
2502,0.42291352,86.60317015957023
2503,0.76271415,85.01182688393507
2504,0.23927224,83.0040424096973
2505,0.17249525,80.39932594487551
2506,0.13379692,76.90262852353219
2507,0.11611411,72.00735207281777
2508,0.12185503,64.80498686556945
2509,0.15122502,53.66329575678978
2510,0.8877016,36.148241781270414
2511,0.43145666,11.574261799525567
2512,0.26082534,-13.555925395808545
2513,0.1794625,-31.969162329342613
2514,0.13204646,-43.731130029590624
2515,0.107669204,-51.29742975759841
2516,0.10728214,-56.40816828745521
2517,0.13122052,-60.03865671102431
2518,0.1767929,-62.730762354395544
2519,0.26055518,-64.79825591835757
2520,0.40300912,66.60317015957025
2521,0.56013227,65.0118268839351
2522,0.57483506,63.00404240969733
2523,1.0913364,60.399325944875535
2524,0.20106769,56.90262852353221
2525,0.18318833,52.00735207281779
2526,0.18916601,44.80498686556947
2527,0.21858656,33.6632957567898
2528,0.2721703,16.14824178127044
2529,0.4216129,-8.42573820047441
2530,0.25247362,-33.55592539580852
2531,0.17319158,-51.96916232934259
2532,0.12794591,-63.7311300295906
2533,0.10396535,-71.29742975759838
2534,0.10379993,-76.40816828745518
2535,0.12757482,-80.03865671102429
2536,0.17322552,-82.73076235439552
2537,0.25743452,-84.79825591835754
2538,0.38735053,46.603170159570226
2539,0.36461088,45.011826883935065
2540,0.375603,43.0040424096973
2541,0.7423349,40.39932594487551
2542,0.44580317,36.90262852353218
2543,0.24567525,32.00735207281776
2544,0.23755817,24.804986865569436
2545,0.26622194,13.663295756789772
2546,0.3207075,-3.8517582187295893
2547,0.42642954,-28.425738200474388
2548,0.2561912,-53.55592539580855
2549,0.17594562,-71.96916232934267
2550,0.13068737,-83.73113002959063
2551,0.10670036,-91.29742975759841
2552,0.10657128,-96.40816828745521
2553,0.13034675,-100.03865671102432
2554,0.17599201,-102.7307623543955
2555,0.26049927,-104.79825591835757
2556,0.22649363,26.60317015957025
2557,0.18527007,25.01182688393509
2558,0.1817637,23.004042409697323
2559,0.23356459,20.399325944875528
2560,0.89672977,16.902628523532204
2561,0.43233448,12.007352072817785
2562,0.35686052,4.80498686556946
2563,0.35133722,-6.336704243210205
2564,0.38078156,-23.851758218729568
2565,0.42532426,-48.42573820047436
2566,0.2553471,-73.55592539580853
2567,0.17530477,-91.96916232934265
2568,0.13006383,-103.7311300295906
2569,0.10607624,-111.29742975759834
2570,0.1059434,-116.4081682874552
2571,0.12971836,-120.03865671102429
2572,0.17536142,-122.73076235439548
2573,0.25980133,-124.79825591835755
